"id","name"
"10030","ネコヒヨリ_DX"
"10070","シンクルヘル_DX"
"10117","ホムラウタ_DX"
"10145","STARLIGHTDISCO_DX"
"1020","TECHNICIANSHIGH"
"10235","カエンシコク_DX"
"10242","ナミタトリユウセイ_DX"
"10251","MONOCHROMERAINBOW_DX"
"10363","OSHAMASCRAMBLE_DX"
"10366","OBORO_DX"
"10367","DRAGOON_DX"
"10422","LANCE_DX"
"10493","IMITATIONLOUDLOUNGE_DX"
"10574","SELECTOR_DX"
"10835","BELIEVETHERAINBOW_DX"
"11001","BLACKROSE_DX"
"11002","SECRETSLEUTH_DX"
"11003","テラツクマイマイテンテコマイ_DX"
"11004","MAXRAGE_DX"
"11005","ハアチヤルタムネエシヨン_DX"
"11006","PQOQ_DX"
"11007","チヨウシヨウマイマイン_DX"
"11008","CRAZYCIRCLE_DX"
"11009","STEREOSCAPE_DX"
"11014","マイマイマイラフ_DX"
"11015","イチカハチ_DX"
"11016","キリキリマイマイン_DX"
"11017","フクヤトルオトヤタマオンセン_DX"
"11018","NOWORNEVER_DX"
"11019","SCARLETWINGS_DX"
"11020","TECHNICIANSHIGH_DX"
"11021","マシヨカリ_DX"
"11022","TWISTED_DX"
"11023","BLOWSUPEVERYTHING_DX"
"11026","TEMPTATION_DX"
"11027","アホカリフスニハンキヤクノホノオヲクヘロ_DX"
"1103","カシヨウキンカノシンフオニエツタ"
"11089","STEELTRANSONIC_DX"
"11090","FLASHKICK_DX"
"11091","STARDUSTMEMORIES_DX"
"11092","MYMYMY_DX"
"11093","UNITAS_DX"
"11094","ココカラハシマルフロロオク_DX"
"11095","カラメトリツクリコライサア_DX"
"11096","モルモル_DX"
"11097","フレインシヤツクシントロオム_DX"
"11098","キヨウメイ_DX"
"11099","UTUTU_DX"
"11100","シエルフルウマルシエ_DX"
"11101","GRANDIR_DX"
"11102","フウエンノ135ヒヨウ_DX"
"11103","カシヨウキンカノシンフオニエツタ_DX"
"11104","ヤミツキ_DX"
"11105","ワアトワアトワアト_DX"
"11106","VALSQOTCH_DX"
"11152","ホクタチイツテモシユワツシユワ_DX"
"11153","BOYSOCLOCK_DX"
"11154","イナラフコクモツトタメイキマシリノウンソウヤ_DX"
"11155","ARAIS_DX"
"11156","マイオトレマイマイタイム_DX"
"11157","AETHERICENERGY_DX"
"11158","KOMPLEXE_DX"
"11159","BEAUTIFULFUTURE_DX"
"11160","MUTATION_DX"
"11161","オリフイス_DX"
"11162","ユメヒハナ_DX"
"11163","REALVOICE_DX"
"11164","ハラホラ_DX"
"11165","REGULUS_DX"
"11166","ワンタアシヤツフエンノホウソク_DX"
"11167","BIRTH_DX"
"11168","シアトリカルケエス_DX"
"11169","ステツフアントライム_DX"
"11170","トトカナイハナタハ_DX"
"11214","JORQER_DX"
"11215","SQLUPPCAMELLIAREMIX_DX"
"11221","キミツアア_DX"
"11222","BREAKBREAKBREAK_DX"
"11223","HEAVENLYBLAST_DX"
"11224","PARADISODA_DX"
"11225","VANTABLACKRAVER_DX"
"11226","トケイノクニノシエミニ_DX"
"11227","XENOVCIPHER_DX"
"11228","ホシメクリハテノキミヘ_DX"
"11229","スロオアライス_DX"
"11230","チエルカエソテリカ_DX"
"11231","セイメイフシヨウ_DX"
"11232","NEVERGIVEUP_DX"
"11233","STARRYCOLORS_DX"
"11234","ホシソラスヘクタクル_DX"
"11235","VIIIBITEXPLORER_DX"
"11236","LASTSAMURAI_DX"
"11237","ソウキユウフカク_DX"
"11238","AMABIE_DX"
"11296","トヒタセトウウサコスミツク_DX"
"11297","カミカカリ_DX"
"11298","トリアアシ_DX"
"11299","NAGAREBOSHIROCKET_DX"
"11300","UNIVERSEキンカランシヨウ_DX"
"11301","ハナノシユウラクアキノオトトケ_DX"
"11302","BLACKSWAN_DX"
"11303","ホシヨミトテスヘラアト_DX"
"11304","ROUNDROUNDSPINNINGAROUND_DX"
"11305","ALCYONE_DX"
"11306","RAVENEMPEROR_DX"
"11307","YORUGAO_DX"
"11308","ヨミヒトシラス_DX"
"11309","センエイテキラントスケエフ_DX"
"11310","TRICKTEAR_DX"
"11311","ムクロシユノハカモリ_DX"
"11364","LIAFAIL_DX"
"11365","アンヒハレンス_DX"
"11374","GIGANTOMAKHIA_DX"
"11375","ミルキイスタアシユウテインクスタア_DX"
"11376","ISOPHOTE_DX"
"11377","ハラマウントシヨオタイム_DX"
"11378","STRIVEAGAINSTFATE_DX"
"11379","SOLIPS_DX"
"11380","ハアフエクシヨン_DX"
"11381","テエモンヘツト_DX"
"11382","HECATONCHEIR_DX"
"11383","IRRESISTIBLE_DX"
"11384","HAGAKIRI_DX"
"11385","N3V3RG3TOV3R_DX"
"11386","SWIFTSWING_DX"
"11387","ホシソラハアテイイチユウン_DX"
"11388","チユウリンクノアト_DX"
"11389","SAGE_DX"
"11390","OTOGEMA_DX"
"11391","WIPEOUTMEMORIES_DX"
"11392","METAMORPHOSISM_DX"
"11393","ハクカノテンシ_DX"
"11394","WORLDSENDLONELINESS_DX"
"11395","JOUEZAVECMOI_DX"
"11445","イテンシレヘルスハイラル_DX"
"11452","ホシシスク_DX"
"11453","RAINBOWRUSHSTORY_DX"
"11454","TRICOLORCIRCUS_DX"
"11455","INFINITY_DX"
"11456","フンカイシユウソクテイル_DX"
"11457","MYSTIQUEASIRIS_DX"
"11458","RISINGONTHEHORIZON_DX"
"11459","YOUMEANTHEWORLDTOME_DX"
"11460","NEONKINGDOM_DX"
"11461","クルツタミンソク2PRAVARGYAZOOQA_DX"
"11462","VSPOOK_DX"
"11463","RIFFRAIN_DX"
"11464","FALLING_DX"
"11465","ヒリオトサイン_DX"
"11466","クンシヨウシクナル_DX"
"11467","BEATOPERAOP1_DX"
"11468","ホシミソウ_DX"
"11469","411892_DX"
"11470","ヒカリニテラサレルオオミチ_DX"
"11523","VIRTUS_DX"
"11526","トノサマヒイム_DX"
"11527","ENCHANTEDWANDERER_DX"
"11528","COMETPANTOMEN_DX"
"11529","ツムキホシ_DX"
"11530","VERFORTEARTEVEIN_DX"
"11532","エテン_DX"
"11533","ニヤアニヤアホウケンタン_DX"
"11534","THEGREATBANQUET_DX"
"11535","REDEMPTION_DX"
"11536","ETHERSECOND_DX"
"11537","STRAIGHTINTOTHELIGHTS_DX"
"11538","アンハアクロニクル_DX"
"11539","リフウエイン_DX"
"11540","KAIROS_DX"
"11541","ヨイノトリ_DX"
"11542","ココカラハシマルフロロオクKANONREMIX_DX"
"11543","モルモルMZKSKIPPINREMIX_DX"
"11544","VERTEXRINTAROSOMADECONSTRUCTEDREMIX_DX"
"11545","オンミツアンミツDX_DX"
"11546","チキユウ_DX"
"11547","CHURROSPARLOR_DX"
"11548","ワンタアハンタアトラヘラア_DX"
"116","ヒヒハフウ"
"11608","NOIZYBOUNCE_DX"
"11609","サンハテイ_DX"
"11610","HOROSCOPEEXPRESS_DX"
"11611","PARTYPEOPLEPRINCESS_DX"
"11612","LATENTKINGDOM_DX"
"11613","MYSTICPARADE_DX"
"11614","CRYCRYCRY_DX"
"11615","ホワワンケキシヨウ_DX"
"11616","MYFLOW_DX"
"11617","POWEROFUNITY_DX"
"11618","ENERGIZINGFLAME_DX"
"11619","KHYMERA_DX"
"11620","フエイクフエイスフエイルセイフ_DX"
"11621","フラフラフラ_DX"
"11622","シツクスフラン_DX"
"11623","フタタヒ_DX"
"11662","RAPUTA_DX"
"11663","ツナキテ_DX"
"11669","エスオウエス_DX"
"11670","ノシヤロリツク_DX"
"11671","EDELWEISS_DX"
"11672","QUIQ_DX"
"11673","IFU_DX"
"11674","CIDERPARTY_DX"
"11675","ソウメツ_DX"
"11676","LUNATICVIBES_DX"
"11677","BLOODYTRAIL_DX"
"11678","REINCARNATEDDRAGNER_DX"
"11679","BEGINNINGTOGETHER_DX"
"11680","SHININGRAYホクラノキスナ_DX"
"11681","DEVOTION_DX"
"11682","GERANIUM_DX"
"11683","THECURSEDDOLL_DX"
"11684","RONDEAUXOFRAGNAROQ_DX"
"11685","REXLUNATICA_DX"
"117","ホムラウタ"
"11736","フリスムリスム_DX"
"11737","ハラトクスイウ_DX"
"11738","YKWTD_DX"
"11739","184オクカイノマルチトニツク_DX"
"11740","ハテノソラホクラカミタヒカリ_DX"
"11741","CRYPTARITHM_DX"
"11742","OURANIA_DX"
"11743","テンカイ_DX"
"11744","DEICIDE_DX"
"11745","ヒヨウメツノ135シヨウセツ_DX"
"11746","DIVIDEETIMPERA_DX"
"11747","シコク_DX"
"11748","シスタアシスタア_DX"
"11749","アリアケARIAKE_DX"
"11750","FLASHBACK_DX"
"11751","COLORFULLENCOUNTER_DX"
"11752","ウロソウセツ_DX"
"11753","チユウテン_DX"
"118","イヌヒヨリ"
"11806","FRAQ_DX"
"11807","ウタヒメナイトストオム_DX"
"11808","FEELTHELUV_DX"
"11809","ANTINOMIE_DX"
"11810","ATLASRUSH_DX"
"11811","カイシテカコ_DX"
"11812","UNFINISHEDEPIC_DX"
"11813","イソカシイヒ_DX"
"11814","FLAMEFROST_DX"
"11815","IMBRUEDFLUX_DX"
"11816","スナノハコ_DX"
"11817","AMEREISTR_DX"
"11818","WORLDSENDBLACKBOX_DX"
"11820","XALEIDSCOPIX_DX"
"11821","REFRAINFOR7THHEAVEN_DX"
"11879","XALEIDSCOPIX2_DX"
"11880","CIRCLECAMPAIGN_DX"
"11881","MAGICALPARADOX_DX"
"119","ソオランフシ"
"1235","VIIIBITEXPLORER"
"130","FEELALIVE"
"1301","ハナノシユウラクアキノオトトケ"
"131","LINK1"
"132","TURNAROUND"
"133","WEGONNAPARTY"
"134","NIGHTFLY"
"135","FEELMYFIRE"
"136","STREAK"
"137","SPINMEHARDER"
"138","LIONHEART"
"139","ACCELERATION"
"140","SPRINTRANCES"
"141","NERVERAKES"
"142","BLACKOUT"
"143","FRAGRANCE"
"144","AIRSGRAVITY"
"145","STARLIGHTDISCO"
"155","ナキムシOCLOCK"
"159","MAIMAIチヤンノテエマ"
"1736","フリスムリスム"
"1819","AFTERPANDORA"
"219","キオクキロク"
"226","BLEWMOON"
"227","GARAKUTADOLLPLAY"
"228","DREAMPAINTER"
"229","クルクルWASHコインラントリイテイスコ"
"230","CYCLES"
"231","HEARTBEATS1"
"232","LIFEFEELSGOOD"
"233","MYTHOS"
"234","ENDOFTWILIGHT"
"235","カエンシコク"
"236","ユヒキリ"
"237","PIXELVOYAGE"
"238","GETHAPPY"
"239","SYSTEMZ"
"240","BEATOFGETTINGENTANGLED"
"241","COSMICTRAIN"
"242","ナミタトリユウセイ"
"244","オテモYAN"
"246","MAIムMAIムFEATシユウカンシヨウネンマカシン"
"247","DANZAZANDA"
"248","BACKYUNワルイオンナ"
"25","SWEETSSWEETS"
"251","MONOCHROMERAINBOW"
"252","ミンナノマイマイマア"
"260","LUCIA"
"261","DEATHSCYTHE"
"262","BREAKYOU"
"263","JUMPINJUMPIN"
"264","LEPILOGUE"
"30","ネコヒヨリ"
"31","ニシトタイヨウ"
"327","タカハセメイシンマン"
"328","コトノハカルマ"
"348","AXERIA"
"349","ヒイマンタヘタラ"
"35","タンコウフシ"
"351","MIRROROFMAGIC"
"362","BETTERCHOICE"
"363","OSHAMASCRAMBLE"
"364","DONTSTOPROCKIN"
"365","カラテアノラセン"
"366","OBORO"
"367","DRAGOON"
"378","PLANETDANCER"
"379","CALIBUNESTORYOFTHELEGENDARYSWORD"
"384","VERTEX"
"403","イタスラ"
"418","WELCOMETOMAIMAI"
"421","AIOLOS"
"422","LANCE"
"431","CONTRAPASSOPARADISO"
"446","GEMINIM"
"456","GLORIOUSCROWN"
"457","コトノハユウキ"
"458","リハアフ"
"462","7THSENSE"
"463","FEELTHEBEATS"
"464","REVIVETHERAVE"
"465","スリツフフリツフ"
"472","アアシエントシンメトリイ"
"488","LIVIDI"
"492","JUMBLERUMBLE"
"493","IMITATIONLOUDLOUNGE"
"494","CITRUSMONSTER"
"495","HYPERACTIVE"
"496","AMAZINGMIGHTYYYY"
"529","CONNECTINGWITHYOU"
"530","コウキアツネコロツク"
"531","PROPHESYONE"
"532","センノウ"
"533","BARBEDEYE"
"534","NITROUSFURY"
"559","カライハリヒヘイヒア"
"561","イツシソウテンマイマイシンケン"
"564","ENJOYPOLIS"
"566","アメノホアカリ"
"567","HERA"
"568","ワカラナイ"
"571","OURWRENALLY"
"573","シカツノアメ"
"574","SELECTOR"
"58","ENDLESSWORLD"
"581","ネエコワレタニンキヨウハトコヘステラレルノ"
"589","PANOPTICON"
"613","テンコクトシコクコトノハリンネ"
"614","ユメハナヒ"
"617","オトヒメモリイウタケイシヨン"
"626","ソウシソウアイ"
"629","LIMITBREAK"
"630","アイマイMIND"
"631","KINGISBACK"
"632","ULTRANOVA"
"642","JUSTIFIED"
"643","EXCALIBURREVIVEDRESOLUTION"
"664","MOONOFNOON"
"666","テスハレイト"
"673","サキホコレトコヨノハナ"
"674","MAGICALFLAVOR"
"68","オレンシノナツ"
"680","CANDYTALLWOMAN"
"681","SIGNATURE"
"69","BABANアマイワナ"
"70","シンクルヘル"
"704","SPILLOVERCOLORS"
"705","MAREMARIS"
"713","KINDAWAY"
"737","FESTIVALIGHT"
"745","KEEPHOPPING"
"746","LARVA"
"760","RAGNAROK"
"773","SILENTBLUE"
"777","ハナトユキノトラムンヘエス"
"799","QZKAGOREQUIEM"
"8","TRUELOVESONG"
"803","SCHWARZSCHILD"
"812","ALEAJACTAEST"
"820","FFT"
"825","ライキリ"
"833","THEEMPERROR"
"834","PANDORAPARADOXXX"
"835","BELIEVETHERAINBOW"
"854","センセカイキヨウツウリスムカンテスト"
"9","COLORMYWORLD"
"100","TELLYOURWORLD"
"10044","ハツヒイシンセサイサ_DX"
"101","オチヤメキノウ"
"10122","コオコオユウレイセン_DX"
"10125","センホンサクラ_DX"
"10146","39_DX"
"10185","ハロオフラネツト_DX"
"10187","ロオリンカアル_DX"
"10188","アマノシヤク_DX"
"10190","モサイクロオル_DX"
"10191","ノウシヨウサクレツカアル_DX"
"10193","セツナトリツフ_DX"
"102","タンシンクサムライ"
"10256","イイアルフアンクラフ_DX"
"10288","ロクチヨウネントイチヤモノカタリ_DX"
"10315","シンカイシヨウシヨ_DX"
"10316","MSSPLANET_DX"
"10375","ONESTEPAHEAD_DX"
"10411","ハツネミクノシヨウシツ_DX"
"10552","コオストルウル_DX"
"106","BADENDNIGHT"
"10690","タンスロホツトタンス_DX"
"107","ロミオトシンテレラ"
"10706","シヤルル_DX"
"108","SWEETIEX2"
"109","クサレケトウトチヨコレイト"
"11034","METEOR_DX"
"11043","メルト_DX"
"11044","メルテイラントナイトメア_DX"
"11045","アウトサイタア_DX"
"11046","アテイシヨナルメモリイ_DX"
"11047","シヤカアノオト_DX"
"11050","STROBEGIRL_DX"
"11052","クリインライツセレナアテ_DX"
"11058","テンハラタイム_DX"
"11059","カイコクカクタントリリア_DX"
"11060","ホシクスユウトヒア_DX"
"11061","アマツキツネ_DX"
"11067","COCKTAIL_DX"
"11069","タイヨウケイテスコ_DX"
"11070","タカラハンヲヤイタンタ_DX"
"11073","アカリカヤツテキタソツ_DX"
"11078","QUIETROOM_DX"
"11083","サヨナラチエエンソオ_DX"
"11084","イカサマライフケイム_DX"
"11086","タレカノシンソウニナレタナラ_DX"
"11087","キホウノツキ_DX"
"11088","39ミユウシツク_DX"
"11121","ヒタアチヨコテコレエシヨン_DX"
"11122","アントロイトカアル_DX"
"11123","スタアリイスカイハレエト_DX"
"11124","スロウタウナア_DX"
"11125","クレイシイヒイト_DX"
"11126","ハイオレンストリカア_DX"
"11127","クラアウエ_DX"
"11128","KILLERB_DX"
"11129","スウハアヌコニナレンカツタ_DX"
"11130","アスヘノフレイフ_DX"
"11131","シンカイシテイアンタアクラウント_DX"
"11132","ヒヨウリイツタイ_DX"
"11133","CATCHTHEWAVE_DX"
"11185","イノチニキラワレテイル_DX"
"11186","アンクロオスヒユウマン_DX"
"11187","オトメカイホウ_DX"
"11188","タエマナクアイイロ_DX"
"11189","カラント_DX"
"11190","トリアエスアナタカイナクナルマエニ_DX"
"11191","ミヨウシヨウキヤラクテイカ_DX"
"11192","セツタイニチヨコミントヲタヘルアオイチヤン_DX"
"11193","テリヘルヨンタラキミカキタ_DX"
"11194","ヘノム_DX"
"11195","マネマネサイコトロヒツク_DX"
"11197","レツトウシヨウトウ_DX"
"11198","アスノヨソラシヨウカイハン_DX"
"11218","シシヨウムシヨク_DX"
"11258","テンワカクメイナイセン_DX"
"11260","ネカテイフシンカロン_DX"
"11261","アメトヘトラ_DX"
"11262","エイエンニケエムテタイセンシタイキリタン_DX"
"11263","KING_DX"
"11264","ユウレイトウキヨウ_DX"
"11265","ALICEINREITOKO_DX"
"11267","テイカテイスム_DX"
"11268","ニヤンニヤンテキウチユウロン_DX"
"11269","ラツトカシンタニユウワアス_DX"
"11270","アウンノヒイツ_DX"
"11271","サイカイ_DX"
"11272","ヤクソク_DX"
"11273","トラフイツクシヤム_DX"
"11274","アルテイメツトセンハイ_DX"
"11325","テレキヤスタアヒイホオイ_DX"
"11327","ホクハクウキカヨメナイ_DX"
"11328","テツトマンスハラツト_DX"
"11337","セカイハマタハシマツテスライナイ_DX"
"11344","ホツヒンキヤンテイフイイハア_DX"
"11345","トウウマイヘスト_DX"
"11349","シツハイサクシヨウシヨ_DX"
"11350","アクマノオトリカタ_DX"
"11351","ノイロオセ_DX"
"11353","クツハイセンケン_DX"
"11354","シユンラン_DX"
"11355","ラクトレイン_DX"
"11359","アカツキアライウアル_DX"
"11360","リモコン_DX"
"11361","ONTHEROCKS_DX"
"11371","アイトルシンエイタイ_DX"
"11372","NEEDLE_DX"
"11410","ウアンハイア_DX"
"11411","エンウイイヘイヒイ_DX"
"11412","ハツネテンチカイヒヤクシンワ_DX"
"11439","シヤンキイナイトタウンオオケストラ_DX"
"11441","シユウエントウヒコウ_DX"
"11447","エコロツク_DX"
"11448","タタセンタクカアツタ_DX"
"11481","アニマル_DX"
"11482","シレンマ_DX"
"11485","フオニイ_DX"
"11486","ウイラン_DX"
"11487","EYE_DX"
"11492","クンシヨウサンカ_DX"
"11493","セカイ_DX"
"11494","ワアワアワアルト_DX"
"11499","マアシヤルマキシマイサア_DX"
"11500","アキノミカクニンセイフツ_DX"
"11510","キユウトナカノシヨ_DX"
"11511","ヘヘレケシヤンキイ_DX"
"11512","キユウクラリン_DX"
"11513","マワルソラウサキ_DX"
"11518","ホツカテラヘリタ_DX"
"11519","ンツアツアツ_DX"
"11520","ヒトリンホエンウイイ_DX"
"11521","ロオタスイイタア_DX"
"11558","カミツホイナ_DX"
"11559","マホウシヨウシヨトチヨコレイト_DX"
"11562","ロウワア_DX"
"11563","キヤツトラヒンク_DX"
"11592","ハナトナレ_DX"
"11593","ワタシノトツヘルケンカア_DX"
"11597","ノンフレスオフリイシユ_DX"
"11598","テオ_DX"
"11599","マニマニ_DX"
"11600","カンシヨウテイシイフ_DX"
"11601","トクス_DX"
"11602","セツタイテキタイメチヤキライヤア_DX"
"11629","ネツイシヨウ_DX"
"11630","1000ネンイキテル_DX"
"11631","IMAWANOKIWA_DX"
"11637","ハク_DX"
"11638","セカイチヤントカフチヤンノオツカイカツソウキヨク_DX"
"11645","トンテモワンタアス_DX"
"11650","スンタモンノチヨウシヨクメサマシスンラツフ_DX"
"11651","アナタハセカイノオワリニスンタヲタヘルノタ_DX"
"11654","シエヘナ_DX"
"11655","ツキハキスタツカアト_DX"
"11658","QUEEN_DX"
"11659","テンシノツハサ_DX"
"11660","サヨナラフリンセス_DX"
"11665","RADDOGS_DX"
"11666","アイテイスマイル_DX"
"11667","ニツコリチヨウサタイノテエマ_DX"
"11694","キヨウフウオオルハツク_DX"
"11695","ネオキヤシノキ_DX"
"11697","ラヒツトホウル_DX"
"11698","ヨイトレシラス_DX"
"11699","シンシンルイ_DX"
"11700","FREAKOUTHR_DX"
"11708","カアニハルハツヒイ_DX"
"11709","ツツミクサ_DX"
"11710","サイハアサンタアサイタア_DX"
"11711","オクスリノンテネヨウ_DX"
"11714","トクメイM_DX"
"11715","ライアアタンサア_DX"
"11716","ハカツウシン_DX"
"11727","ラウイ_DX"
"11728","ステイイルユウ_DX"
"11729","オシオキGIMMICK_DX"
"11735","サムサ_DX"
"11761","ヤミアカステロイト_DX"
"11763","タアリンタンス_DX"
"11767","テヒルシヤナイモン_DX"
"11769","スンタハアリナイ_DX"
"11772","ヒトマニア_DX"
"11773","テンセイリンコ_DX"
"11780","エンケキ_DX"
"11783","SNOOZE_DX"
"11784","イカク_DX"
"11785","テラテラ_DX"
"11793","エイフリルスタア_DX"
"11794","オオハアライト_DX"
"11795","ミキニマカアル_DX"
"11796","ウルトラトレエラア_DX"
"11797","ハヘル_DX"
"11802","ワアルトワイトワンタア_DX"
"11805","リアライス_DX"
"11833","ユリカコ_DX"
"11834","ケツコウ_DX"
"11838","メスマライサア_DX"
"11839","モモイロノカキ_DX"
"11840","ノタ_DX"
"11847","MAGICALCURELOVESHOT_DX"
"11850","アイタイセイシン_DX"
"11851","ハオ_DX"
"11852","スキナソウサイハツヒヨウトラコン_DX"
"11856","MIRA_DX"
"11857","カラマワリライフラリ_DX"
"11858","オマシナイ_DX"
"11859","アリキタリナコイノウタ_DX"
"11862","ムセキニンシユウコウタイ_DX"
"11863","ミカツキステツフ2023_DX"
"11864","シヨウシヨレイ_DX"
"11865","シヨウシヨA_DX"
"11866","テイコクシヨウシヨ_DX"
"11871","クウネルエンケイサア_DX"
"11872","セロトオキンク_DX"
"11873","ハツヒヨウ_DX"
"11913","モニタリンク_DX"
"11914","テトリス_DX"
"11951","サイエンス_DX"
"121","スイイトマシツク"
"122","コオコオユウレイセン"
"125","センホンサクラ"
"146","39"
"169","galaxias!"
"184","ILOVE"
"185","ハロオフラネツト"
"186","イアイアナイトオフテサイア"
"187","ロオリンカアル"
"188","アマノシヤク"
"189","ヨワムシモンフラン"
"190","モサイクロオル"
"191","ノウシヨウサクレツカアル"
"192","SPICA"
"193","セツナトリツフ"
"194","ホウカコストライト"
"198","カケロウテイス"
"223","ヨハナシテイセイフ"
"256","イイアルフアンクラフ"
"258","NYANCATEX"
"259","ホツヒツホオ"
"268","トルココウシンキヨクオワタ"
"269","ウラオモテラハアス"
"280","ロシンユウカイ"
"281","タフルラリアツト"
"282","カラクリヒエロ"
"283","ネトケハイシンシユフレフコオル"
"284","ムカシムカシノキヨウノホク"
"285","MAGICIANSOPERATION"
"288","ロクチヨウネントイチヤモノカタリ"
"289","ミクミクニシテアケルシテヤンヨ"
"290","リリリリハアニンクナイト"
"291","ハロハワユ"
"299","ロストワンノコウコク"
"300","SWEETDEVIL"
"315","シンカイシヨウシヨ"
"316","MSSPLANET"
"322","リンコカレンカ"
"331","HEARTBEATS2"
"332","アケアケアケイン"
"341","ニソクホコウ"
"353","SHAKEIT"
"358","トクセンヨク"
"374","アンハツヒイリフレイン"
"375","ONESTEPAHEAD"
"380","トウシテコウナツタ"
"382","オコチヤマセンソウ"
"383","LINK2"
"399","フモウ"
"400","テツトレツトカアルス"
"401","セキシンセイカマトトアラリヨウシ"
"407","LOLLOTSOFLAUGH"
"408","クロウハアクラフ"
"409","モウソウセイ"
"410","トウイウコトナノ"
"411","ハツネミクノシヨウシツ"
"412","イノコリセンセイ"
"417","ウミユリカイテイタン"
"419","ストリイミンクハアト"
"432","シアワセニナレルカクシコマントカアルラシイ"
"436","オシヤマムシ"
"44","ハツヒイシンセサイサ"
"440","ハシメマシテチキユウシンサン"
"447","フラスタンシ"
"448","アリフレタセカイセイフク"
"449","スロオモオシヨン"
"450","エノウマカツタトモタチ"
"451","トンチンカンノエン"
"46","ルカルカナイトフイイハア"
"477","チユウヒヨウケキハツホオイ"
"507","キミノヨソラシヨウカイハン"
"508","レンアイサイハン"
"509","JUSTBEFRIENDS"
"510","ヒヒカセ"
"511","ハアフエクトセイメイ"
"512","STARGAZER"
"513","タンタンハヤクナル"
"514","ヘルシイエント"
"515","クノイチテモコイカシタイ"
"516","ココロ"
"517","トウキヨウリアルワアルト"
"518","ヤメロキクナ"
"519","ユツクリシテイツテネ"
"520","キホリナマストミキカタソンヒ"
"521","ECHO"
"521","ECHO1"
"522","MRWONDERLAND"
"523","シンテシマウトハナサケナイ"
"524","HANDINHAND"
"525","フリキノタンス"
"552","コオストルウル"
"553","チユルリラチユルリラタツタツタ"
"565","イキテルオハケハイキテイル"
"580","ヨシワララメント"
"587","シラユキ"
"598","スウハアヌコニナリタイ"
"599","オトレオオケストラ"
"610","リンカアネイシヨン"
"618","ラフチイノ"
"620","トウキヨウレトロ"
"621","ARROW"
"622","ハツトタンスホオル"
"63","メランコリツク"
"637","ナイセンノウタ"
"64","オシエテマホウノリリツク"
"646","メイタンテイレンソクサツシンシケン"
"647","エイリアンエイリアン"
"65","ZIGGZAGG"
"655","フラシイル"
"66","ワアルスエントタンスホオル"
"663","チカウ"
"67","ハンタヒイロオ"
"670","トオナツホオル"
"675","シロイユキノフリンセスハ"
"676","スキユキマシマシツク"
"677","スタアナイトスノウ"
"682","シンセイリセツトホタン"
"683","シネハイイノニ"
"687","キヨウカンカクオハケ"
"690","タンスロホツトタンス"
"691","アルカリレツトウセイ"
"692","トクハク"
"693","キレキヤリオン"
"706","シヤルル"
"707","フリイタムロリイタ"
"708","ハレリイコ"
"709","アウタアサイセンス"
"71","マトリヨシカ"
"711","ハイケイトツヘルケンカア"
"720","ナンセンスフンカク"
"725","スナノワクセイ"
"726","アンノウンマサアクウス"
"73","メクメクフアイアアエントレスナイト"
"731","モウソウカンシヨウタイシヨウレンメイ"
"741","インヒシフル"
"742","スイセイハネムウン"
"747","エレクトリツクエンシエウ"
"748","ミラクルヘイント"
"749","IEVANPOLKKA"
"750","ハツネミクノケキシヨウ"
"761","コノフサケタスハラシキセカイハホクノタメニアル"
"762","コノヒアノテオマエヲ8759632145カイフンナクル"
"763","ハヤクソレニナリタイ"
"764","フイクサア"
"781","SEYANAナンテモイウコトヲキイテクレルアカネチヤン"
"782","オネカイタアリン"
"791","ロオルフレインクケエム"
"792","ヒハナ"
"793","ロキ"
"801","コカネノセイヤソウセツニクチテ"
"804","MAGICALSOUNDSHOWER"
"805","カタオモイサンハ"
"806","ナイトメアハアテイナイト"
"807","フキケンワルツ"
"809","ムスンテヒライテラセツトムクロ"
"810","サウント"
"811","ミキカタノチヨウ"
"829","ハイホクノシヨウネン"
"830","タチイリキンシ"
"831","オキニメスママ"
"832","イノチハツカリ"
"841","シユウテン"
"842","WORLDSENDUMBRELLA"
"843","ワンタアラスト"
"847","カラフルメロテイ"
"10","LOVE ＆ JOY"
"10021","コネクト_DX"
"10181","キミノシラナイモノカタリ_DX"
"10475","カクシンテキメタマルフオウセ_DX"
"10500","シユカアソンクトヒタアステツフ_DX"
"10501","DAYDREAMCAFE_DX"
"10560","マワレセツケツカ_DX"
"10615","PARADISUSPARADOXUM_DX"
"10668","ヨウコソシヤハリハアクヘ_DX"
"10728","POPTEAMEPIC_DX"
"11","じょいふる"
"11035","LOSER_DX"
"11036","USA_DX"
"11037","HOTLIMIT_DX"
"11038","シンタカラシマ_DX"
"11039","UNION_DX"
"11041","ノツテケシヤハリヒイト_DX"
"11042","フレフレヘストフレンス_DX"
"11055","POPPYPAPPYDAY_DX"
"11056","CLATTANOIA_DX"
"11057","THEGONGOFKNOCKOUT_DX"
"11062","アタハナネクロマンシイ_DX"
"11063","メサメRETURNER_DX"
"11071","トウホウセイソウコウシンキヨク_DX"
"11072","SOULRIDEON_DX"
"11076","ミカンセイシン_DX"
"11077","テヒルアイトル_DX"
"11113","ハムタロウトツトコウタ_DX"
"11114","アオソラノラフソテイ_DX"
"11115","タカラホクハオンカクヲヤメタ_DX"
"11116","ラフトラマテイツクフイイチヤリンクイハラリツカ_DX"
"11117","イセカイカルテツト_DX"
"11118","イツカイイカンシニアレシヨウ_DX"
"11119","IMWITHYOU_DX"
"11120","オトモタチフイルム_DX"
"11144","ロクリンカ_DX"
"11150","ウマイネエムイスウマミチヤン_DX"
"11151","ウマトシカ_DX"
"11178","ノオホイツ_DX"
"11179","マチカトタンシエント_DX"
"11180","クレンケ_DX"
"11182","MIRACLERUSH_DX"
"11183","オネカイマツスル_DX"
"11184","VIRTUALTOLIVE_DX"
"11217","PRETENDER_DX"
"11250","インフエルノ_DX"
"11251","フユノコモリウタ_DX"
"11252","GODKNOWS_DX"
"11253","オシヤマシヨカアニハル_DX"
"11254","ヒヨウシンヲカム_DX"
"11255","タケモトヒアノシイエムソンク_DX"
"11256","オトメノルウトハヒトツシヤナイ_DX"
"11257","ヒツクカメラノテエマソンク_DX"
"11259","SHINYSMILYSTORY_DX"
"11321","ヨルニカケル_DX"
"11322","ウツセエワ_DX"
"11323","SHOOTINGSTARS_DX"
"11324","MOONNIGHTNOSEINISITE_DX"
"11336","トラコンエネルキイ_DX"
"11346","ハルヲツケル_DX"
"11347","トロノフンサイテワタシタケノタイセツヲウハオウタナンテ_DX"
"11348","VOLTAGE_DX"
"11352","SEIZETHEDAY_DX"
"11356","ナタメスカシネコシエエシヨンテレヒサイス_DX"
"11358","イントアケイナラトラツクメイカア_DX"
"11367","VEIL_DX"
"11369","カイカイキタン_DX"
"11406","アイノシユフリイム_DX"
"11407","クラヘラレツコ_DX"
"11408","アノヨイキノハスニノツテサラハ_DX"
"11409","ウマヒヨイテンセツ_DX"
"11420","PHOTONMELODIES_DX"
"11421","ワカハイヨネコテアレ_DX"
"11422","999999_DX"
"11430","オントロシイ_DX"
"11431","ケンヲヌケGCCXMAX_DX"
"11432","PRINCESS_DX"
"11433","ヒトカタ_DX"
"11450","YONAYONADANCE_DX"
"11480","アノオインクサンサンウイイク_DX"
"11483","オト_DX"
"11484","サンキヨウサンカ_DX"
"11497","アマカミサマ_DX"
"11498","モンタイナイトリツハア_DX"
"11501","DIVEINTOTHEZONE_DX"
"11503","BADDEST_DX"
"11506","BLANKPAPERPRODTEMPLIME_DX"
"11507","INMYWORLDPRODKOTONOHOUSE_DX"
"11555","ヒハリ_DX"
"11556","HELLOHOLOGRAM_DX"
"11557","フキケンナスリイカアト_DX"
"11560","アシユラチヤン_DX"
"11561","オトセサンタア_DX"
"11568","INTERNETOVERDOSE_DX"
"11569","タマシイノルフラン_DX"
"11577","ハンフンコ_DX"
"11590","アツスキノウタ_DX"
"11634","セイシユンコンフレツクス_DX"
"11635","アンタアキツス_DX"
"11636","サクユイタイソウ_DX"
"11639","BURNMYSOUL_DX"
"11644","STORY_DX"
"11652","HUMANBORG_DX"
"11653","ULTRAPOWER_DX"
"11692","INTERNETYAMERO_DX"
"11693","カコヲクラウ_DX"
"11696","アイトル_DX"
"11712","ハラハラカリソメレインホオロオス_DX"
"11730","イタイナルアクマハシツハタイテンシハトラチヤンサマナノタ_DX"
"11731","シユカアホリツク_DX"
"11734","ヒトシスク_DX"
"11760","ユウシヤ_DX"
"11764","シヨウ_DX"
"11765","アイハイタンスホオル_DX"
"11766","マツケンサンハ2_DX"
"11774","メイトナヤツラFEATテンカイツカササトウホオムスアツクンタイマオウウタイメイカ_DX"
"11775","モンスタアカミンク_DX"
"11778","シリウスノカカヤキノヨウニ_DX"
"11779","フラネタリウムレウユウ_DX"
"11782","ムケンマイワアルト_DX"
"11791","ONYOURMARK104キVER_DX"
"11831","キユヒスム_DX"
"11832","キユヒヒヒヒスム_DX"
"11835","ハイヨロコンテ_DX"
"11836","ヒヒテハ_DX"
"11837","シカイロテイス_DX"
"11843","モウイイヨ_DX"
"11844","モエチヤツカフアイア_DX"
"11845","マヌルネコノウタ_DX"
"11846","スナネコノウタ_DX"
"11867","ウエイヒイ_DX"
"11868","RED_DX"
"11869","ホラフキハヘツト_DX"
"11870","BLACKFLAGBREAKER_DX"
"11908","シヌナ_DX"
"11909","トンクリGAME_DX"
"11910","キミタツタカラ_DX"
"11911","OVERDOSE_DX"
"11912","BRINGITON_DX"
"126","つけまつける"
"127","Get Off of My Way"
"148","サブリナ"
"149","SPELL MAGIC"
"15","Everyday、カチューシャ"
"161","CANDY CANDY"
"164","READY STEADY GO"
"165","リライト"
"166","カルマ"
"167","GO!!!"
"168","LOVEドッきゅん♥"
"17","FUTURE"
"172","女々しくて"
"173","サラバ、愛しき悲しみたちよ"
"174","創聖のアクエリオン"
"176","Butter-Fly"
"18","LOVEYOU"
"181","キミノシラナイモノカタリ"
"182","残酷な天使のテーゼ"
"20","恋愛サーキュレーション"
"21","コネクト"
"27","LOVEORLIES"
"274","RPG"
"277","Tachyon"
"29","VICTORY"
"305","POPSTAR"
"321","ハラライカ"
"323","YATTA"
"336","クレンノユミヤ"
"338","リクライム"
"34","Garden"
"340","恋のヒメヒメぺったんこ"
"356","3フンノ1ノシユンシヨウナカンシシヨウ"
"357","みかんのうた"
"368","シリウス"
"369","ホトントイホウ"
"370","NARAKUWITHIN"
"371","STANDUP"
"372","ファミリーパーティー"
"377","おいでよ！妖精の森"
"38","NIGHTOFFIRE"
"397","CANDO"
"398","THEOTHERSELF"
"40","COMEAGAIN"
"402","ニブンノイチ"
"405","カノン"
"406","オルフェ"
"41","Chu Chu"
"414","ワカイチカラSEGAHARDGIRLSMIX"
"416","ココロオトル"
"42","JELLY"
"423","SAVIOROFSONG"
"43","愛を止めないで"
"45","Choo Choo TRAIN"
"468","ラフリイエンシエル"
"469","ヒミツヲチョータイ"
"470","TOUCHTAPBABY"
"473","ケラケラホーノウタ"
"474","ヒミツノトヒラカラアイニキテ"
"475","カクシンテキメタマルフオウセ"
"476","コクシヨウスマイル"
"479","DRAGONNIGHT"
"480","HIMITSUスハアク"
"481","テンテンハッション"
"484","LUMINIZE"
"485","FALLINGROSES"
"486","セイシュンハNONSTOP"
"487","ヨウカイタイソウタイイチ"
"49","アイデンティティ"
"491","ヘタリアンシェット"
"497","FAKEFAKE"
"498","ナツニキスシテイイテスカ"
"499","ナツマツリ"
"500","シユカアソンクトヒタアステツフ"
"501","DAYDREAMCAFE"
"502","SCATMANSKIBABOPBADOPBOP"
"503","イチスレシヒ"
"504","フレントシタイ"
"505","ちょちょちょ！ゆるゆり☆かぷりっちょ！！！"
"506","セハカカカンハツチヤウ"
"53","ウツクシクモエルモリ"
"54","ヘビーローテーション"
"544","ゆりゆららららゆるゆり大事件"
"55","CAN'T GET BACK"
"550","PERFECTHUMAN"
"551","フアツトシテトウケンキヨウ"
"56","ウツウツウマウマ"
"560","マワレセツケツカ"
"562","いぇす！ゆゆゆ☆ゆるゆり♪♪"
"579","ホツフミユウシツクハホクノモノ"
"59","PON PON PON"
"60","New World"
"600","SUSHI食べたいFEAT.ソイソース"
"601","キラツセウツトムラフアアム"
"604","JUMPING!!"
"605","7GIRLSWAR"
"609","SAKURAスキツフ"
"615","PARADISUSPARADOXUM"
"634","GETユメDREAM"
"636","ニホンノコメハセカイイチ"
"645","ホシトハナ"
"653","NOWLOADING"
"654","シンハンサムタイソウテスントコホイ"
"656","ソラノウタ"
"659","キリキリサイキヨウアイマイミイ"
"668","ヨウコソシヤハリハアクヘ"
"669","アエイウエオアオ"
"678","THISGAME"
"679","LOSLOSLOS"
"697","カフリイストロツフキツク"
"698","FANTASTICDREAMER"
"710","REVIVERアオルタンシアサアカアオノキシタンオリシナルハアシヨン"
"712","ミラクルシヨツヒンク"
"717","ラフツテシユエリウエンシエルフレイク"
"718","ヤハイマルマル"
"728","POPTEAMEPIC"
"729","ニメンセイウラオモテライフ"
"730","ウマルンタイソウ"
"743","アンチクロツクワイス"
"744","センリヨクサマア"
"751","カチヤカチヤキユウトフイキユアツトメイト"
"752","TRUEMYHEARTLOVABLEMIX"
"753","RODEOMACHINE"
"754","ARRIVALOFTEARS"
"774","コウカニンホウチヨウ"
"775","シンキスカン"
"776","ニシヨメチヤンタイソウタイイチオク"
"787","SHINYDAYS"
"788","NOISYLOVEPOWER"
"789","ネコ"
"790","ONLYMYRAILGUN"
"824","DEEPINABYSS"
"853","センセンセンセ"
"902","つーのふぁーんおゆえんいします"
"903","かいーび"
"904","とてもゆえんいあい"
"906","SOLONG"
"907","ふぇいしーんるぅぃりー"
"10420","CHANGEOURMIRAI_DX"
"11010","STARTLINER_DX"
"11024","AGITATION_DX"
"11025","カンケンカククミキヨクタイサンハンニチヨウチヨウタイニキヨクシイセンシヨウノアリアBWV10682_DX"
"11028","カンクキヨウソウキヨクシユウエン_DX"
"11029","TITANIA_DX"
"11030","BOKUTO_DX"
"11031","タチカワシヨウエトリモノチヨウ_DX"
"11032","CHOCOLATEBOMB_DX"
"11080","JUMPJUMPJUMP_DX"
"11107","サイキヨウササマアタイム_DX"
"11108","UTAKATA_DX"
"11109","タテマエトホンシンノタイラントウ_DX"
"11110","ハチミツアトヘンチヤア_DX"
"11111","POPCORN_DX"
"11171","YURUSHITE_DX"
"11172","ホケツトカラヌリツフセ_DX"
"11173","トリトリモリモリラフリイフルウツ_DX"
"11174","DESPERADOWALTZ_DX"
"11175","エンシヨウエンシヨウ_DX"
"11176","CLIMAX_DX"
"11177","レエイレエイ_DX"
"11239","オウケエオウライ_DX"
"11240","サヨナラフリイウエイ_DX"
"11241","タンイツシコウセイオウハアフルウム_DX"
"11242","ミナエヲチエツク_DX"
"11243","ハシマリノヒアノ_DX"
"11246","BOUNCEDANCE_DX"
"11247","KISSMEKISS_DX"
"11248","MEGATONBLAST_DX"
"11249","SPLASHDANCE_DX"
"11294","シユクセイシンハン_DX"
"11295","ノウテンチヨクケキ_DX"
"11312","ハクハクカアル_DX"
"11313","NOLIMITREDFORCE_DX"
"11314","LIFTOFF_DX"
"11315","FALSUMATLANTIS_DX"
"11316","WEAREUS_DX"
"11317","LIMITS_DX"
"11318","スヒカノテンヒン_DX"
"11319","ハアトコアシントロオム_DX"
"11396","テリトリイハトル_DX"
"11398","GOODBYEMERRYGOROUND_DX"
"11399","ツクヨミステツフ_DX"
"11400","FOLERN_DX"
"11401","コスモホツフフアンクラフ_DX"
"11402","リヨウランオトメムソウケキ_DX"
"11404","SEETHELIGHT_DX"
"11405","エエタヘエタイイタ_DX"
"11443","8EM_DX"
"11446","OTORIIINNOVATEDI3_DX"
"11449","ハスルリホン_DX"
"11451","TRANSCENDLIGHTS_DX"
"11471","クモノイト_DX"
"11472","DONTFIGHTTHEMUSIC_DX"
"11473","CATCHMEIFYOUCAN_DX"
"11474","MAGNETARGIRL_DX"
"11475","SUPERAMBULANCE_DX"
"11477","GHOSTDANCE_DX"
"11478","テンコウセツカ_DX"
"11478","テンコウセツカ1_DX"
"11479","HAINUWELE_DX"
"11525","ヒユクマリオンノシユモン_DX"
"11549","TRRRICKSTERS_DX"
"11550","FLUFFYFLASH_DX"
"11551","STARREDHEART_DX"
"11552","YYYケイカク_DX"
"11553","LASTKINGDOM_DX"
"11554","LAMIA_DX"
"11604","ウソテイイツカイセンセリナVSシロナVSナスナ_DX"
"11605","BADAPPLEFEATNOMICOイカラシナテシコVER_DX"
"11606","SNOWCOLOREDSCORE_DX"
"11624","SQUADPHVNTOM_DX"
"11625","GEOMETRICDANCE_DX"
"11626","RING_DX"
"11627","インハアフエクシオンホワイトカアル_DX"
"11628","WEREBACK_DX"
"11661","APOLLO_DX"
"11668","PINQPIQXOVEVOXREMIX_DX"
"11686","AZUREVIXEN_DX"
"11687","MARBLEBLUE_DX"
"11688","マツスクストリイム_DX"
"11689","サイツコウノエンタメタ_DX"
"11690","BAQEELA_DX"
"11691","AIC_DX"
"11733","MUSICPRAYER_DX"
"11754","ELEMENTALETHNIC_DX"
"11755","ミヤケツキヨウ_DX"
"11756","RESOLUTION_DX"
"11757","イチケキノテエマ_DX"
"11758","RADIANCE_DX"
"11759","RNRMONSTA_DX"
"11822","SUPERSONICGENERATION_DX"
"11823","ZITRONECTAR_DX"
"11824","ナンカノイスニキコエル_DX"
"11825","JIGOKUSTATIONCENTRALGATE_DX"
"11826","LOVERSTRICK_DX"
"11827","サウントフレイヤア_DX"
"11828","CRAZYABOUTYOU_DX"
"11829","DRIVESSOVER_DX"
"11830","TIDALWAVE_DX"
"11899","イイウイルカアル_DX"
"11900","DAZZLEHOP_DX"
"420","CHANGEOURMIRAI"
"455","COUNSELOR"
"459","イクシオン"
"460","センコウノフリユウナク"
"461","ムテキWEAREONE"
"490","INFANTOONFANTASY"
"526","BRILLIANTBETTER"
"527","ハアトヒイト"
"528","INVITATION"
"546","フオルテシモBELL"
"547","ワタシノナカノケンソウテキセカイカン"
"548","DETARAMEROCKROLLTHEORY"
"578","トキトキDREAM"
"603","ソノクンシヨウカイトシカツタヨウタ"
"606","THEWHEELTOTHERIGHT"
"627","シンシヨウシンキロウ"
"628","コウセンチユウニンク"
"648","MYDEARESTSONG"
"649","モウシンソリストライフ"
"694","ネコマツリ"
"695","TRUST"
"696","STILL"
"719","エントマアクニキホウトナミタヲソエテ"
"721","BANGBABANGBANG"
"722","TICTACDREAMIN"
"723","SPICYSWINGYSTYLE"
"735","SESSIONHIGH"
"736","WORLDVANQUISHER"
"757","XEVEL"
"768","HELPMEARRIN"
"769","ナルトナキノハアフエクトロツクンロオルキヨウシツ"
"770","アネヘツタン"
"771","WEGONNAJOURNEY"
"779","イカツチ"
"786","MYFIRSTPHONE"
"821","OUTSIDERREQUIEM"
"822","イロトリトリノメロテイ"
"823","ソウシヤハタタセナカトハイオリンテカタルノミ"
"849","KATTOBIKEIKYURIDER"
"852","TIAMATFMINOR"
"10128","ミハタノモトニ_DX"
"1051","DESTR0YER"
"10593","CONFLICT_DX"
"10625","MAXI_DX"
"10734","ENERGYSYNERGYMATRIX_DX"
"1081","サンハラント"
"1085","HALCYON"
"110","QUARTETTHEMEREBORN"
"11051","DESTR0YER_DX"
"11075","フナイフナイセンソウ_DX"
"11081","サンハラント_DX"
"11085","HALCYON_DX"
"111","SKYHIGHREBORN"
"11140","BLACKLAIR_DX"
"11141","ENERGYTRIXXX_DX"
"11142","NULCTRL_DX"
"11143","アトロホストサイハテノタンキユウシヤ_DX"
"11145","ENTRANCE_DX"
"11146","LUNARMARE_DX"
"11147","SAIKA_DX"
"11148","CHAOS_DX"
"11149","MABOROSHI_DX"
"112","LIKETHEWINDREBORN"
"11206","BATTLENO1_DX"
"11207","ETHERSTRIKE_DX"
"11208","CYAEGHA_DX"
"11209","GRIEVOUSLADY_DX"
"11210","CSQN_DX"
"11211","カラツホノンフイクシヨン_DX"
"11212","EMOMOMO_DX"
"11213","ARTYPARTY_DX"
"11216","FELYSFINALREMIX_DX"
"11266","キラメキイノコリタイセンソウ_DX"
"11281","REENDOFADREAM_DX"
"11282","モヘモヘ_DX"
"11283","SOUNDCHIMERA_DX"
"11284","COSMICRAILROAD_DX"
"11285","MAKEITFUNKYNOW_DX"
"11286","RUSHMORE_DX"
"11287","STRANGEBAR_DX"
"11288","BIGDADDY_DX"
"11289","ヘエスラインヤツテルワラ_DX"
"11290","ALIVE_DX"
"11291","ヒミツカルト_DX"
"11292","MEGATONKICK_DX"
"11293","LOSECONTROL_DX"
"113","YADAYOREBORN"
"11330","タケ_DX"
"11331","スウハアシンメトリイ_DX"
"11333","SOUTHERNCROSS_DX"
"11334","UPSHIFT_DX"
"11335","MOBILYS_DX"
"11370","サンサアラ_DX"
"11373","ヒステリツクナイトカアル_DX"
"114","SPACEHARRIERMAINTHEMEREBORN"
"11415","DREADNOUGHT_DX"
"11418","ENCHANTEDLOVE_DX"
"11419","CATERPILLARSONG_DX"
"11423","BLUEZONE_DX"
"11424","ESTAHV_DX"
"11425","FIRSTDANCE_DX"
"11426","MJOLNIR_DX"
"11427","DEFINE_DX"
"11428","BANG_DX"
"11429","LOVESTHEMEOFBADASSハツトアスアイノテエマ_DX"
"11438","REACHFORTHESTARSRECOLORS_DX"
"11444","ワカイチカラ_DX"
"11489","タナカ_DX"
"11490","RANDOM_DX"
"11491","LUMINARIA_DX"
"115","DADDYMULK"
"11502","エナトリオイシイソンク_DX"
"11504","ハカミタイTAXIDRIVEREDITION_DX"
"11505","レツツミラクルハアトコアツ_DX"
"11508","アイムマイヒイロオ_DX"
"11509","NIGHTTHEATER_DX"
"11514","LOSTDESIRE_DX"
"11516","AEGLESEEKER_DX"
"11517","サイキヨウSTRONGER_DX"
"11524","ALICESSUITCASE_DX"
"11565","LETYOUDIVE_DX"
"11566","KNIGHTRIDER_DX"
"11567","IMHEREFEATMERRYKIRKHOLMES_DX"
"11570","SHOOTINGSHOWERDANCETIMEシンテイ_DX"
"11571","LIGHTSOFMUSE_DX"
"11572","TAPESTOPNIGHT_DX"
"11573","FINALSTEP_DX"
"11574","THE90SDECISION_DX"
"11575","ホクノワフウホントウシヨウス_DX"
"11576","CTHUGHA_DX"
"11578","PUPA_DX"
"11584","コンテイニユウFEATアイツキナクル_DX"
"11585","SUNDAYNIGHTFEATKANATAN_DX"
"11586","PERSONAFEATPANXI_DX"
"11587","HALFWAY_DX"
"11588","COMPLEXMIND_DX"
"11589","DROPSFEATSUCH_DX"
"11591","ULTRASYNERGYMATRIX_DX"
"11594","BULKUPGAMEEXCLUSIVEEDIT_DX"
"11596","VALLISTA_DX"
"11607","MAGENTAPOTION_DX"
"11632","PLAYMERRILYNEO_DX"
"11633","OMAKENOSTROKE_DX"
"11640","WITHU_DX"
"11641","LOVEKILLSU_DX"
"11642","DANGEROOOOUSJUNGLE_DX"
"11643","テンシコウリン_DX"
"11646","カムイ_DX"
"11647","OZMA_DX"
"11648","ケツメンキチ_DX"
"11657","RUSHHOUR_DX"
"11664","アルカンシエル_DX"
"11702","NEWYORKBACKRAISE_DX"
"11704","DUALROZES_DX"
"11705","VOLT_DX"
"11706","TINYTALESCONTINUE_DX"
"11707","OUROBOROSTWINSTROKEOFTHEEND_DX"
"11713","QUATTUORUX_DX"
"11721","INFINITEENERZYOVERDOZE_DX"
"11722","MAKEUPYOURWORLDFEATキヨンシイノCIチヤンラツフヒト_DX"
"11723","BOOMBOOMBOOM_DX"
"11724","EVERYBODYSAYHARDCORETANOC_DX"
"11725","ミラクルホツフアトヘンチヤア_DX"
"11726","TRUST_DX"
"11771","CHRONOMIA_DX"
"11786","EMPIREOFWINTER_DX"
"11787","マヨエルネイロハコイノウタ_DX"
"11788","LOSCHEN_DX"
"11789","ABSTRUSEDILEMMA_DX"
"11790","HYP3RTRIBE_DX"
"11792","ハケシコノヨルPSYLENTCRAZYNIGHT_DX"
"11798","オネカイコンコンオイナリサマ_DX"
"11799","イツハイタヘルキミカスキタヨ_DX"
"11800","ヒホヒホPEOPLEPEOPLEFEATナナヒラ_DX"
"11803","MORNINGLOOM_DX"
"11804","HOWTOMAKEオトケエキヨク_DX"
"11842","SYNTHESIS_DX"
"11848","OVERJOYOVERDOSE_DX"
"11849","DATAERR0R_DX"
"11855","DESTINEDMARIONETTE_DX"
"11860","MYTHRELEASE_DX"
"11861","9999991_DX"
"11874","NOONEYESMAN_DX"
"11875","LEAVEALLBEHIND_DX"
"11876","RETRIBUTIONCYCLEOFREDEMPTION_DX"
"11877","LUMINESCENCE_DX"
"11878","PIXELGALAXY_DX"
"11906","UNWELCOMESCHOOL_DX"
"11907","イロトリキヤンハス_DX"
"11917","EUREKA_DX"
"11918","ニルウノシンソウ_DX"
"120","テコホコタイソウ"
"128","ミハタノモトニ"
"147","チシヨウノセンシ"
"152","チヨウセツSUPERLATIVE"
"153","サイハイノトキPOWEROFORDER"
"154","DORORODERODEROONDORORO"
"157","NATURALFLOW"
"207","シクウヲコエテヒサシフリ"
"208","HERDREAMISTOBEAFANTASTICSORCERESS"
"209","ココロスキヤンノウタ"
"212","カムロセツケツカ"
"213","KONNANシヤナイツ"
"214","AWAKE"
"216","MYSTERIOUSDESTINY"
"217","RIDERSOFTHELIGHT"
"218","TERMINALSTORM"
"22","INCHAOS"
"220","セカサタアンキトウオン"
"23","CRUSHONYOU"
"24","SUNDANCE"
"253","エンフキヨクキミニ"
"254","LIVEANDLEARN"
"255","BURNINGHEARTSホノオノANGEL"
"265","SAVETHISWORLDNUMIX"
"266","LIVINGUNIVERSE"
"267","IGNITEINFINITY"
"270","OUTLAWSLULLABY"
"271","BRANDNEWJAPANESQUE"
"278","レツツコオオンミヨウシ"
"293","OURFIGHTING"
"297","THEGREATJOURNEY"
"308","BACK2BACK"
"324","JACKTHERIPPER"
"325","WINDYHILL"
"326","コトハカラフル"
"329","カセケシヤリンコヒイロオ"
"330","キスナノモノカタリ"
"333","GO MY WAY!!"
"334","THE IDOLM@STER 2nd-mix"
"335","The world is all one !!"
"337","コトウ"
"339","DRAGONLADY"
"342","フアンタシイソオンOPAOPAGMTREMIX"
"343","テンシヤテテンシヤテGOGOGOGCGMTREMIX"
"344","RIDGERACERSTEPSGMTREMIX"
"345","リツシテリツシテGOGOGOGMTMASHUP"
"346","オハオハRACERGMTMASHUP"
"347","テンシヤテテンシヤテOPAOPAOPAGMTMASHUP"
"376","L9"
"381","BBKKBKK"
"385","IGNISDANSE"
"386","SCARSOFFAUNA"
"387","FUJINRUMBLE"
"388","キタサイタマ2000"
"389","FLOWER"
"390","GOTMORERAVES"
"429","Wonderland Wars オープニング"
"453","GARDENOFTHEDRAGON"
"454","AFTERBURNER"
"47","ケンヘイタイセンエマキテエマソンク"
"471","オモイヨシノ"
"482","PARTY4UHOLYNITEMIX"
"542","METATRON"
"543","オワリナキモノカタリ"
"555","GOODMEN"
"556","ヨアケマテアト3ヒヨウ"
"557","LASTBRAVEGOTOZERO"
"558","STAIRWAYTOGENERATION"
"575","STAR☆GLITTER"
"576","H-A-J-I-M-A-R-I-U-T-A-!!"
"592","SAKURAFUBUKI"
"593","CONFLICT"
"61","BEATOFMIND"
"612","GOBACK2YOURRAVE"
"62","ケキテイコクカケキタン"
"624","KISSCANDYFLAVOR"
"625","MAXI"
"650","LETSGOAWAY"
"658","ヒトサトニクタツタアタイカイツノマニカシヤチクニナツテイタケン"
"662","SUNSHINEWORLDTOUR"
"672","MILK"
"688","キリン"
"689","CREDITS"
"733","FISTBUMP"
"734","ENERGYSYNERGYMATRIX"
"738","BRAINPOWER"
"740","ULTRABK"
"75","テンコクトシコク"
"76","キミノタメナラシネル"
"77","カイトウRノテエマ"
"772","FREEDOMDIVETPZOVERCUTEREMIX"
"778","CONQUISTACIELA"
"78","マリアヲハケマセ"
"79","SHOWTIME"
"796","キヨクケン"
"797","SCARLETLANCE"
"798","セイクリツトルイン"
"80","CITYESCAPEACT1"
"800","EVERGREEN"
"81","ROOFTOPRUNACT1"
"815","L4TS2018FEATアヒルアントケイタ"
"82","REACHFORTHESTARS"
"826","キミトホクノミライ"
"827","LOSTPRINCESS"
"828","アリサノテエマ"
"83","URBANCRUSHERREMIX"
"836","GOODBYEMRJACK"
"837","ALTALE"
"84","CATCHTHEFUTURE"
"844","ENDTIME"
"848","マホウシヨウシヨニナルシカネエ"
"85","JACKYREMIX"
"850","BMS"
"10199","チルノノハアフエクトサンスウキヨウシツ_DX"
"10202","GRIPANDBREAKDOWN_DX"
"10204","ナイトオフナイツ_DX"
"10225","SWEETLITTLESISTER_DX"
"10301","カンフテトマツテスクトケル_DX"
"10302","ケロ9DESTINY_DX"
"10303","ENDLESSSLEEPLESSNIGHT_DX"
"10319","ケンソウノサテライト_DX"
"10404","キヨウエン_DX"
"10535","イロハニオヘトチリヌルヲ_DX"
"10536","ツキニムラクモハナニカセ_DX"
"10572","SCREAMOUTMAIMAISONICWASHEREDIT_DX"
"10602","TABOOTEARSYOUUP_DX"
"10641","CALAMITYFORTUNE_DX"
"10665","チルノノハアフエクトサンスウキヨウシツキユウシユウネンハアシヨン_DX"
"10699","テンクノオトシモノフミフイイトユトリ_DX"
"10702","WARNINGWARNINGWARNING_DX"
"11048","ナイトオフナイツクランキイリミツクス_DX"
"11049","BADAPPLEFEATNOMICOREDALICEREMIX_DX"
"11064","LITTLESISTERBITCH_DX"
"11065","YAKUMOJOINTSTRUGGLE2019UPDATE_DX"
"11066","ケキオコステイツクフアイナリアリテイフンフンマスタアスハアク_DX"
"11134","ソリツト_DX"
"11135","センリヨクハツヒイライフ_DX"
"11136","OATHACT_DX"
"11137","WITCHESNIGHT_DX"
"11138","DRIVEYOURFIRE_DX"
"11139","WHEEL_DX"
"11199","イタスラセンセイシヨン_DX"
"11200","PARANOIA_DX"
"11201","カラクリトオル_DX"
"11202","モノスコイウアイフステマリサカモノスコイラツフ_DX"
"11204","SWEETREQUIEM_DX"
"11205","DIVEINTOTHESKYINITIALIZED_DX"
"11219","PRISMATIC_DX"
"11275","ロストワアトクロニカル_DX"
"11276","イマタレカタメノカカリヒヘ_DX"
"11277","MELODY_DX"
"11278","ケコクシヨウシヨウ_DX"
"11279","ハウリンク_DX"
"11280","トランスタンスアナアキイ_DX"
"11329","イヤホンロマンス_DX"
"11340","SWEETSTIME_DX"
"11341","アカホシミセラフルハイオクヘン_DX"
"11342","ケンソウニサイタハナ_DX"
"11343","マツヨイナイトハク_DX"
"11362","ヒヒケチレイマイウエイ_DX"
"11363","カミカミカコイシタケンソウキヨウ_DX"
"11413","ARMAGEDDON_DX"
"11434","SPRINGOFDREAMS_DX"
"11435","タイリンノソウルFEATAOシハフ_DX"
"11436","クレイナイニソマルコイノハナ_DX"
"11437","サンヨウセイSAYYA_DX"
"11488","スカアレツトケイサツノケツトオハトロオル24シ_DX"
"11495","キンノメクリ_DX"
"11496","DESTINYRUNNER_DX"
"11564","リスヘクフウシン_DX"
"11580","ホトケナイヨウニ_DX"
"11583","インタアネツトサハイハア_DX"
"11603","ツルヘツタン_DX"
"11656","HANIPAGANDA_DX"
"11701","サヨナラヒストリイ_DX"
"11717","LOSTPHANTASIA_DX"
"11718","BADAPPLEFEATNOMICOTETSUYAKOMUROREMIX_DX"
"11720","REUNKNOWNX_DX"
"11770","ULTIMATETASTE_DX"
"11776","ユケムリタマオンセン2_DX"
"11777","ニンケンカタイスキナコワレタヨウカイノウタ_DX"
"11781","ネタミニテイシアタア666_DX"
"11841","IDORATRIZEWORLD_DX"
"11853","HELPMEERINNNNNN_DX"
"11854","チヨウサイシユウキチクイモウトフラントオルエス_DX"
"11916","ウチヨウテントリイマアス_DX"
"199","チルノノハアフエクトサンスウキヨウシツ"
"200","BADAPPLEFEATNOMICO"
"201","マリサハタイヘンナモノヲヌスンテイキマシタ"
"202","GRIPANDBREAKDOWN"
"203","HELPMEERINNNNNNBANDVER"
"204","ナイトオフナイツ"
"205","センシンルイノヒソウテンソク"
"206","シユワスハタイサクセン"
"224","ウサテイ"
"225","SWEETLITTLESISTER"
"295","ヒイロノDANCE"
"296","アケホシロケツト"
"298","オヨメニシナサイツ"
"301","カンフテトマツテスクトケル"
"302","ケロ9DESTINY"
"303","ENDLESSSLEEPLESSNIGHT"
"309","カミカミノイノリ"
"310","エヒクロスノニシハモウミエナイ"
"311","シアワセウサキ"
"312","ツテイエイエンテイVER"
"313","マチヒトハコス"
"314","COSMICMAGICSHOOTER"
"318","トウホウスイイツ"
"319","ケンソウノサテライト"
"320","サイソクサイコウシヤツタアカアル"
"352","キユウキヨクヤキニクレストランオリンノシコクテイ"
"359","YUMU"
"360","モノスコイイキオイテケエネカモノスコイウタ"
"404","キヨウエン"
"413","キヤフテンムラサノケツアンカア"
"424","チエンノケンソウキヨウオント"
"425","トウホウヨウヨウムTHEMAXIMUMMOVINGABOUT"
"426","ソラニマエスミソメノサクラ"
"427","シヨウシヨケンソウセンリツキヨクNECROFANTASIA"
"434","フラクメンツTVMAIMAIEDIT"
"435","ネカイヲヨフキセツ"
"437","YETANOTHERDRIZZLYRAIN"
"438","ヨシケンチヨウヤクキカン"
"439","サイシユウキチクイモウトイチフコエ"
"466","JIMANGSHOT"
"467","ハカナキモノニンケン"
"483","カコイナキヨハイチコノツキカケ"
"535","イロハニオヘトチリヌルヲ"
"536","ツキニムラクモハナニカセ"
"537","NOROUTINE"
"538","ヒレフセクミントモ"
"539","エテルニタスルトロシ"
"540","ウタカタアイノマホロハ"
"541","カチヨウフウケツ"
"572","SCREAMOUTMAIMAISONICWASHEREDIT"
"582","ユウヤミニメサメシハ"
"583","STARLIGHTVISION"
"584","CLUBIBUKIINBREAKALL"
"585","PHANTASMBRIGADE"
"586","エイエンノメロテイ"
"602","TABOOTEARSYOUUP"
"611","シユクタイカオワラナイ"
"639","STARLIGHTDANCEFLOOR"
"640","ヨウセイムラノケツタンサイLUNATEELF"
"641","CALAMITYFORTUNE"
"657","オオテイエンスヲウコカステイトノノウリヨク"
"665","チルノノハアフエクトサンスウキヨウシツキユウシユウネンハアシヨン"
"684","モウミンナシネハイイノニ"
"699","テンクノオトシモノフミフイイトユトリ"
"700","シツソウアンサンフル"
"701","DOLLJUDGMENT"
"702","WARNINGWARNINGWARNING"
"732","LOVEEAST"
"739","ススメイツスンクンタンREBELLIONOFTHEDWARFS"
"756","CYBERSPARKS"
"758","INFINITEWORLD"
"759","サトマミホリツク"
"765","ミンナノ"
"766","アマノシヤクリハアスFEATYTR"
"767","シンチヨクトウテスカ"
"794","MONEYMONEY"
"802","フシキノクニノクリスマス"
"816","クレイシイクレイシイタンサアス"
"817","トウホウニコカラヒシンマタアラフユウチヤリンクタマオンセンイオシス"
"818","インセン"
"819","WHITETRAVERINGGIRL"
"838","サイシユウキチクイモウトフラントオルスカアレツト"
"839","ネクロフアンタシアARRDEMETORI"
"840","IMPERISHABLENIGHT20062016REFINE"
