,chart,level
0,10030_expert,9.5
1,10030_master,13.7
2,10070_expert,10.8
3,10070_master,14.6
4,10117_expert,9.8
5,10117_master,13.2
6,10145_expert,11.9
7,10145_master,13.4
8,1020_expert,11.0
9,1020_master,13.8
10,10235_expert,12.5
11,10235_master,14.1
12,10242_expert,11.0
13,10242_master,13.3
14,10251_expert,11.2
15,10251_master,13.3
16,10363_expert,11.4
17,10363_master,13.6
18,10366_expert,11.0
19,10366_master,13.7
20,10367_expert,11.0
21,10367_master,13.7
22,10422_expert,11.0
23,10422_master,13.9
24,10493_expert,11.8
25,10493_master,13.9
26,10574_expert,11.0
27,10574_master,13.9
28,10835_expert,9.9
29,10835_master,13.0
30,11001_expert,9.7
31,11001_master,12.2
32,11002_expert,10.8
33,11002_master,13.3
34,11002_remaster,13.8
35,11003_expert,10.3
36,11003_master,12.7
37,11004_expert,11.4
38,11004_master,13.8
39,11004_remaster,14.2
40,11005_expert,10.8
41,11005_master,13.6
42,11005_remaster,14.4
43,11006_expert,10.5
44,11006_master,13.2
45,11007_expert,10.3
46,11007_master,12.7
47,11007_remaster,13.8
48,11008_expert,9.3
49,11008_master,12.6
50,11009_expert,9.5
51,11009_master,12.4
52,11009_remaster,13.3
53,11014_expert,10.2
54,11014_master,12.9
55,11015_expert,11.4
56,11015_master,12.8
57,11015_remaster,14.0
58,11016_expert,11.4
59,11016_master,13.4
60,11017_expert,10.8
61,11017_master,13.0
62,11018_expert,10.5
63,11018_master,13.5
64,11018_remaster,14.1
65,11019_expert,10.5
66,11019_master,12.9
67,11020_expert,11.6
68,11020_master,13.4
69,11021_expert,11.1
70,11021_master,13.7
71,11022_expert,11.2
72,11022_master,13.7
73,11023_expert,11.9
74,11023_master,13.8
75,11023_remaster,14.3
76,11026_expert,12.6
77,11026_master,14.7
78,11027_expert,12.5
79,11027_master,14.5
80,1103_expert,12.7
81,1103_master,14.3
82,11089_expert,13.0
83,11089_master,14.3
84,11090_expert,11.2
85,11090_master,13.2
86,11091_expert,10.8
87,11091_master,13.0
88,11092_expert,11.0
89,11092_master,13.7
90,11093_expert,11.8
91,11093_master,14.4
92,11094_expert,10.7
93,11094_master,13.4
94,11095_expert,10.8
95,11095_master,12.7
96,11096_expert,12.2
97,11096_master,13.9
98,11097_expert,10.6
99,11097_master,13.3
100,11098_expert,10.5
101,11098_master,13.2
102,11099_expert,10.2
103,11099_master,12.9
104,11100_expert,10.4
105,11100_master,12.8
106,11100_remaster,13.7
107,11101_expert,11.0
108,11101_master,13.9
109,11102_expert,12.7
110,11102_master,14.8
111,11103_expert,11.8
112,11103_master,14.6
113,11104_expert,10.0
114,11104_master,12.7
115,11105_expert,9.9
116,11105_master,13.4
117,11106_expert,13.0
118,11106_master,14.7
119,11152_expert,11.3
120,11152_master,13.0
121,11152_remaster,13.8
122,11153_expert,10.8
123,11153_master,13.1
124,11154_expert,11.8
125,11154_master,12.9
126,11155_expert,12.0
127,11155_master,14.4
128,11156_expert,11.0
129,11156_master,12.8
130,11157_expert,11.0
131,11157_master,13.4
132,11158_expert,11.0
133,11158_master,13.7
134,11159_expert,10.8
135,11159_master,13.7
136,11160_expert,12.5
137,11160_master,14.0
138,11161_expert,10.4
139,11161_master,12.9
140,11162_expert,10.0
141,11162_master,13.4
142,11163_expert,10.2
143,11163_master,12.8
144,11164_expert,11.2
145,11164_master,13.8
146,11165_expert,12.5
147,11165_master,14.7
148,11166_expert,10.7
149,11166_master,14.1
150,11167_expert,12.8
151,11167_master,14.5
152,11168_expert,10.8
153,11168_master,12.8
154,11169_expert,10.0
155,11169_master,12.8
156,11170_expert,9.8
157,11170_master,13.1
158,11214_expert,11.8
159,11214_master,13.6
160,11215_expert,12.2
161,11215_master,14.5
162,11221_expert,12.7
163,11221_master,14.4
164,11222_expert,12.8
165,11222_master,14.6
166,11223_expert,12.8
167,11223_master,14.8
168,11224_expert,10.7
169,11224_master,13.1
170,11225_expert,11.1
171,11225_master,13.8
172,11226_expert,10.0
173,11226_master,13.0
174,11227_expert,12.5
175,11227_master,14.3
176,11228_expert,10.7
177,11228_master,12.9
178,11228_remaster,13.1
179,11229_expert,10.9
180,11229_master,12.8
181,11230_expert,12.5
182,11230_master,14.3
183,11231_expert,11.7
184,11231_master,13.7
185,11232_expert,10.8
186,11232_master,13.8
187,11232_remaster,13.7
188,11233_expert,11.0
189,11233_master,14.0
190,11234_expert,12.5
191,11234_master,14.4
192,11235_expert,13.0
193,11235_master,14.7
194,11236_expert,12.0
195,11236_master,13.9
196,11237_expert,12.8
197,11237_master,13.9
198,11238_expert,12.4
199,11238_master,14.6
200,11296_expert,12.5
201,11296_master,13.7
202,11297_expert,10.8
203,11297_master,13.5
204,11298_expert,10.0
205,11298_master,13.3
206,11299_expert,12.0
207,11299_master,14.1
208,11300_expert,12.1
209,11300_master,14.3
210,11301_expert,11.8
211,11301_master,13.9
212,11302_expert,12.7
213,11302_master,14.6
214,11303_expert,11.8
215,11303_master,14.0
216,11304_expert,10.0
217,11304_master,13.3
218,11305_expert,12.0
219,11305_master,14.0
220,11306_expert,12.0
221,11306_master,14.5
222,11307_expert,12.2
223,11307_master,14.6
224,11308_expert,12.5
225,11308_master,13.7
226,11309_expert,11.4
227,11309_master,13.8
228,11310_expert,12.5
229,11310_master,14.4
230,11311_expert,13.0
231,11311_master,14.9
232,11364_expert,12.8
233,11364_master,14.7
234,11365_expert,10.7
235,11365_master,13.0
236,11374_expert,13.0
237,11374_master,14.7
238,11375_expert,10.7
239,11375_master,12.9
240,11376_expert,10.0
241,11376_master,13.0
242,11377_expert,11.7
243,11377_master,14.0
244,11378_expert,13.2
245,11378_master,14.5
246,11379_expert,13.7
247,11379_master,14.9
248,11380_expert,10.8
249,11380_master,13.4
250,11381_expert,10.5
251,11381_master,13.2
252,11382_expert,12.7
253,11382_master,14.1
254,11383_expert,11.0
255,11383_master,13.6
256,11384_expert,12.5
257,11384_master,13.9
258,11385_expert,12.0
259,11385_master,14.3
260,11386_expert,12.5
261,11386_master,14.3
262,11387_expert,11.5
263,11387_master,13.7
264,11388_expert,13.5
265,11388_master,14.8
266,11389_expert,12.9
267,11389_master,14.5
268,11390_expert,10.7
269,11390_master,13.6
270,11391_expert,12.9
271,11391_master,14.8
272,11392_expert,12.8
273,11392_master,14.7
274,11393_expert,12.0
275,11393_master,13.8
276,11394_expert,13.0
277,11394_master,14.9
278,11395_expert,10.8
279,11395_master,13.8
280,11445_expert,9.8
281,11445_master,13.7
282,11452_expert,10.5
283,11452_master,13.1
284,11453_expert,10.5
285,11453_master,13.8
286,11454_expert,10.7
287,11454_master,14.0
288,11455_expert,12.0
289,11455_master,13.7
290,11456_expert,11.0
291,11456_master,13.7
292,11457_expert,12.8
293,11457_master,14.6
294,11458_expert,12.7
295,11458_master,14.4
296,11459_expert,11.5
297,11459_master,13.7
298,11460_expert,10.9
299,11460_master,13.8
300,11461_expert,12.7
301,11461_master,14.4
302,11462_expert,12.9
303,11462_master,14.3
304,11463_expert,9.7
305,11463_master,13.2
306,11464_expert,10.2
307,11464_master,13.4
308,11465_expert,10.7
309,11465_master,13.5
310,11466_expert,11.7
311,11466_master,13.8
312,11467_expert,10.8
313,11467_master,14.0
314,11468_expert,11.0
315,11468_master,13.8
316,11469_expert,12.7
317,11469_master,14.3
318,11470_expert,13.2
319,11470_master,14.7
320,11523_expert,13.2
321,11523_master,14.6
322,11526_expert,10.5
323,11526_master,12.8
324,11527_expert,12.0
325,11527_master,13.8
326,11528_expert,12.0
327,11528_master,13.9
328,11529_expert,11.9
329,11529_master,13.9
330,11530_expert,12.9
331,11530_master,14.8
332,11532_expert,9.0
333,11532_master,12.8
334,11533_expert,11.0
335,11533_master,13.7
336,11534_expert,11.5
337,11534_master,14.0
338,11535_expert,11.8
339,11535_master,13.9
340,11536_expert,11.8
341,11536_master,13.9
342,11537_expert,12.5
343,11537_master,14.8
344,11538_expert,11.0
345,11538_master,13.3
346,11539_expert,10.8
347,11539_master,13.6
348,11540_expert,11.2
349,11540_master,13.5
350,11541_expert,10.7
351,11541_master,13.6
352,11542_expert,11.8
353,11542_master,13.8
354,11543_expert,10.9
355,11543_master,13.7
356,11544_expert,12.8
357,11544_master,14.6
358,11545_expert,10.7
359,11545_master,13.5
360,11546_expert,12.8
361,11546_master,14.3
362,11547_expert,12.5
363,11547_master,13.8
364,11548_expert,12.7
365,11548_master,14.6
366,11608_expert,10.0
367,11608_master,13.4
368,11609_expert,9.7
369,11609_master,13.2
370,11610_expert,11.5
371,11610_master,14.0
372,11611_expert,11.9
373,11611_master,14.3
374,11612_expert,12.8
375,11612_master,14.9
376,11613_expert,10.0
377,11613_master,13.5
378,11614_expert,9.8
379,11614_master,12.8
380,11615_expert,11.2
381,11615_master,13.5
382,11616_expert,11.0
383,11616_master,13.7
384,11617_expert,12.0
385,11617_master,13.8
386,11618_expert,12.8
387,11618_master,14.4
388,11619_expert,12.9
389,11619_master,14.7
390,11620_expert,11.9
391,11620_master,13.8
392,11621_expert,11.5
393,11621_master,13.7
394,11622_expert,9.2
395,11622_master,13.2
396,11623_expert,11.2
397,11623_master,13.4
398,11662_expert,13.7
399,11662_master,14.9
400,11663_expert,13.8
401,11663_master,14.7
402,11663_remaster,15.0
403,11669_expert,10.9
404,11669_master,13.6
405,11670_expert,10.0
406,11670_master,13.1
407,11671_expert,11.8
408,11671_master,13.9
409,11672_expert,12.9
410,11672_master,14.4
411,11673_expert,12.8
412,11673_master,14.6
413,11674_expert,11.0
414,11674_master,13.5
415,11675_expert,11.8
416,11675_master,14.2
417,11676_expert,11.2
418,11676_master,13.8
419,11677_expert,12.8
420,11677_master,14.5
421,11678_expert,11.8
422,11678_master,13.9
423,11679_expert,10.7
424,11679_master,13.7
425,11680_expert,10.5
426,11680_master,13.3
427,11681_expert,11.7
428,11681_master,14.3
429,11682_expert,10.8
430,11682_master,13.7
431,11683_expert,11.0
432,11683_master,13.5
433,11684_expert,12.5
434,11684_master,14.5
435,11685_expert,12.9
436,11685_master,14.8
437,116_expert,11.2
438,116_master,12.9
439,11736_expert,10.0
440,11736_master,13.0
441,11737_expert,11.0
442,11737_master,13.5
443,11738_expert,11.0
444,11738_master,13.8
445,11739_expert,11.7
446,11739_master,14.1
447,11740_expert,10.8
448,11740_master,13.7
449,11741_expert,13.0
450,11741_master,14.7
451,11742_expert,10.8
452,11742_master,13.4
453,11743_expert,11.3
454,11743_master,13.8
455,11744_expert,12.0
456,11744_master,14.4
457,11745_expert,13.4
458,11745_master,14.8
459,11746_expert,12.9
460,11746_master,14.8
461,11747_expert,10.7
462,11747_master,13.6
463,11748_expert,11.0
464,11748_master,13.2
465,11749_expert,12.4
466,11749_master,14.4
467,11750_expert,11.5
468,11750_master,13.9
469,11751_expert,11.7
470,11751_master,13.8
471,11752_expert,13.5
472,11752_master,14.7
473,11753_expert,13.5
474,11753_master,14.9
475,117_expert,12.0
476,117_master,13.7
477,11806_expert,12.2
478,11806_master,13.7
479,11807_expert,11.5
480,11807_master,13.8
481,11808_expert,11.2
482,11808_master,13.8
483,11809_expert,12.8
484,11809_master,14.6
485,11810_expert,12.6
486,11810_master,14.7
487,11811_expert,10.8
488,11811_master,13.7
489,11812_expert,11.5
490,11812_master,13.8
491,11813_expert,11.8
492,11813_master,14.2
493,11814_expert,12.9
494,11814_master,14.8
495,11815_expert,11.0
496,11815_master,14.1
497,11816_expert,11.2
498,11816_master,14.0
499,11817_expert,12.5
500,11817_master,13.9
501,11818_expert,13.1
502,11818_master,14.9
503,11820_expert,13.7
504,11820_master,14.9
505,11820_remaster,15.0
506,11821_expert,12.5
507,11821_master,14.0
508,11879_expert,13.7
509,11879_master,14.9
510,11880_expert,11.0
511,11880_master,13.7
512,11881_expert,11.7
513,11881_master,13.8
514,118_expert,10.0
515,118_master,12.4
516,119_expert,11.4
517,119_master,13.4
518,1235_expert,12.9
519,1235_master,14.5
520,1301_expert,12.5
521,1301_master,13.9
522,130_expert,12.1
523,130_master,13.7
524,131_expert,12.6
525,131_master,12.5
526,131_remaster,13.5
527,132_expert,13.1
528,132_master,13.7
529,133_expert,12.9
530,133_master,13.7
531,133_remaster,13.9
532,134_expert,11.7
533,134_master,13.2
534,134_remaster,13.4
535,135_expert,11.1
536,135_master,13.2
537,136_expert,12.7
538,136_master,13.7
539,137_expert,12.2
540,137_master,13.4
541,138_expert,11.4
542,138_master,13.4
543,139_expert,11.9
544,139_master,13.4
545,140_expert,11.1
546,140_master,13.3
547,141_expert,11.9
548,141_master,14.1
549,142_expert,13.0
550,142_master,13.3
551,143_expert,12.7
552,143_master,14.2
553,143_remaster,14.6
554,144_expert,11.3
555,144_master,13.3
556,144_remaster,13.7
557,145_expert,11.9
558,145_master,12.4
559,145_remaster,12.7
560,155_expert,10.9
561,155_master,13.2
562,155_remaster,12.9
563,159_expert,9.3
564,159_master,12.4
565,1736_expert,9.5
566,1736_master,13.2
567,1819_expert,12.5
568,1819_master,14.2
569,219_expert,11.2
570,219_master,13.6
571,219_remaster,14.3
572,226_expert,12.5
573,226_master,13.4
574,226_remaster,13.4
575,227_expert,13.1
576,227_master,14.2
577,227_remaster,14.8
578,228_expert,11.1
579,228_master,12.9
580,229_expert,9.8
581,229_master,12.6
582,230_expert,10.8
583,230_master,13.3
584,231_expert,11.8
585,231_master,13.2
586,232_expert,12.8
587,232_master,13.7
588,233_expert,12.2
589,233_master,14.4
590,234_expert,11.9
591,234_master,13.2
592,235_expert,12.6
593,235_master,14.1
594,236_expert,11.8
595,236_master,13.3
596,237_expert,9.7
597,237_master,12.8
598,238_expert,12.9
599,238_master,13.8
600,239_expert,12.8
601,239_master,14.4
602,239_remaster,14.0
603,240_expert,12.8
604,240_master,13.8
605,240_remaster,14.5
606,241_expert,10.9
607,241_master,12.5
608,242_expert,10.8
609,242_master,12.5
610,244_expert,10.5
611,244_master,13.0
612,246_expert,11.6
613,246_master,13.2
614,247_expert,10.8
615,247_master,13.4
616,247_remaster,13.7
617,248_expert,11.8
618,248_master,12.7
619,248_remaster,13.3
620,251_expert,10.9
621,251_master,13.0
622,252_expert,11.2
623,252_master,13.7
624,252_remaster,13.7
625,25_expert,9.3
626,25_master,11.4
627,260_expert,12.3
628,260_master,13.2
629,260_remaster,13.7
630,261_expert,12.1
631,261_master,13.8
632,261_remaster,14.2
633,262_expert,11.0
634,262_master,13.7
635,263_expert,11.7
636,263_master,13.3
637,264_expert,11.7
638,264_master,13.7
639,30_expert,8.8
640,30_master,12.6
641,31_expert,11.2
642,31_master,12.9
643,327_expert,9.8
644,327_master,13.5
645,328_expert,10.7
646,328_master,13.4
647,328_remaster,13.3
648,348_expert,12.9
649,348_master,14.5
650,349_expert,11.4
651,349_master,13.7
652,351_expert,10.7
653,351_master,13.2
654,35_expert,10.7
655,35_master,13.3
656,362_expert,10.8
657,362_master,12.9
658,363_expert,11.9
659,363_master,14.5
660,364_expert,11.9
661,364_master,13.8
662,364_remaster,13.5
663,365_expert,13.3
664,365_master,14.6
665,365_remaster,14.7
666,366_expert,12.0
667,366_master,13.7
668,367_expert,10.9
669,367_master,13.4
670,367_remaster,14.5
671,378_expert,11.2
672,378_master,13.2
673,378_remaster,13.7
674,379_expert,12.9
675,379_master,14.3
676,384_expert,11.9
677,384_master,14.7
678,403_expert,10.4
679,403_master,12.9
680,418_expert,9.9
681,418_master,12.9
682,421_expert,12.7
683,421_master,14.3
684,422_expert,11.7
685,422_master,13.8
686,431_expert,13.0
687,431_master,14.4
688,446_expert,11.9
689,446_master,13.9
690,456_expert,13.2
691,456_master,14.8
692,457_expert,10.9
693,457_master,12.7
694,458_expert,9.9
695,458_master,11.4
696,462_expert,11.8
697,462_master,14.4
698,463_expert,11.6
699,463_master,13.6
700,463_remaster,13.9
701,464_expert,12.7
702,464_master,13.8
703,464_remaster,14.4
704,465_expert,10.7
705,465_master,13.8
706,472_expert,10.9
707,472_master,13.5
708,472_remaster,14.0
709,488_expert,13.2
710,488_master,14.1
711,492_expert,12.9
712,492_master,14.0
713,493_expert,12.8
714,493_master,13.4
715,494_expert,12.9
716,494_master,14.5
717,495_expert,13.2
718,495_master,13.9
719,496_expert,13.6
720,496_master,14.7
721,496_remaster,14.5
722,529_expert,10.8
723,529_master,13.2
724,530_expert,11.7
725,530_master,13.8
726,531_expert,12.4
727,531_master,14.6
728,532_expert,10.7
729,532_master,12.4
730,532_remaster,12.9
731,533_expert,10.8
732,533_master,13.0
733,534_expert,12.0
734,534_master,14.0
735,559_expert,10.8
736,559_master,13.7
737,561_expert,11.5
738,561_master,13.7
739,564_expert,10.7
740,564_master,12.9
741,566_expert,13.3
742,566_master,14.0
743,567_expert,12.9
744,567_master,14.3
745,568_expert,11.7
746,568_master,14.0
747,571_expert,13.0
748,571_master,14.8
749,573_expert,12.5
750,573_master,13.9
751,574_expert,11.9
752,574_master,13.8
753,581_expert,13.0
754,581_master,14.5
755,589_expert,12.9
756,589_master,14.4
757,589_remaster,14.3
758,58_expert,11.2
759,58_master,13.0
760,58_remaster,13.4
761,613_expert,11.7
762,613_master,13.3
763,614_expert,11.5
764,614_master,13.7
765,617_expert,11.7
766,617_master,12.9
767,626_expert,11.4
768,626_master,13.5
769,629_expert,11.5
770,629_master,13.4
771,629_remaster,13.7
772,630_expert,11.8
773,630_master,13.4
774,631_expert,11.9
775,631_master,13.9
776,632_expert,12.9
777,632_master,14.0
778,642_expert,12.9
779,642_master,14.0
780,643_expert,13.0
781,643_master,14.8
782,664_expert,13.1
783,664_master,14.4
784,666_expert,11.9
785,666_master,13.9
786,673_expert,11.8
787,673_master,13.5
788,674_expert,10.6
789,674_master,13.3
790,680_expert,11.8
791,680_master,13.8
792,681_expert,12.4
793,681_master,13.5
794,68_expert,10.0
795,68_master,12.4
796,69_expert,12.3
797,69_master,12.5
798,704_expert,11.8
799,704_master,13.3
800,704_remaster,13.4
801,705_expert,12.5
802,705_master,13.9
803,70_expert,10.9
804,70_master,14.4
805,70_remaster,14.2
806,713_expert,11.8
807,713_master,12.9
808,737_expert,10.6
809,737_master,13.4
810,745_expert,12.6
811,745_master,13.9
812,746_expert,12.9
813,746_master,14.8
814,760_expert,12.7
815,760_master,14.1
816,773_expert,12.8
817,773_master,14.8
818,777_expert,12.7
819,777_master,14.3
820,777_remaster,13.8
821,799_expert,13.0
822,799_master,14.8
823,799_remaster,14.9
824,803_expert,12.9
825,803_master,14.3
826,803_remaster,14.9
827,812_expert,12.9
828,812_master,14.4
829,812_remaster,14.8
830,820_expert,12.7
831,820_master,14.0
832,820_remaster,14.5
833,825_expert,12.8
834,825_master,14.6
835,825_remaster,14.8
836,833_expert,13.4
837,833_master,14.8
838,833_remaster,14.9
839,834_expert,13.9
840,834_master,14.9
841,834_remaster,15.0
842,835_expert,10.2
843,835_master,13.4
844,854_expert,10.0
845,854_master,12.0
846,8_expert,10.2
847,8_master,12.4
848,9_expert,9.8
849,9_master,12.4
850,10044_expert,9.5
851,10044_master,12.8
852,100_expert,10.5
853,100_master,12.4
854,100_remaster,13.2
855,10122_expert,10.0
856,10122_master,13.0
857,10125_expert,9.3
858,10125_master,12.5
859,10146_expert,9.3
860,10146_master,12.8
861,10185_expert,9.0
862,10185_master,12.8
863,10187_expert,10.9
864,10187_master,13.3
865,10188_expert,10.0
866,10188_master,12.8
867,10190_expert,10.2
868,10190_master,13.1
869,10191_expert,11.3
870,10191_master,12.9
871,10193_expert,10.8
872,10193_master,13.4
873,101_expert,9.1
874,101_master,13.6
875,10256_expert,8.2
876,10256_master,11.2
877,10288_expert,9.4
878,10288_master,13.8
879,102_expert,11.1
880,102_master,12.7
881,10315_expert,9.5
882,10315_master,13.0
883,10316_expert,9.7
884,10316_master,12.9
885,10375_expert,10.5
886,10375_master,13.2
887,10411_expert,12.0
888,10411_master,14.5
889,10552_expert,9.8
890,10552_master,13.2
891,10690_expert,9.2
892,10690_master,12.7
893,106_expert,10.7
894,106_master,13.5
895,10706_expert,9.2
896,10706_master,11.2
897,107_expert,11.1
898,107_master,12.7
899,107_remaster,13.3
900,108_expert,8.5
901,108_master,12.4
902,109_expert,12.7
903,109_master,13.7
904,11034_expert,9.5
905,11034_master,12.4
906,11043_expert,8.8
907,11043_master,11.8
908,11044_expert,8.7
909,11044_master,11.9
910,11045_expert,9.3
911,11045_master,12.7
912,11046_expert,9.9
913,11046_master,12.5
914,11047_expert,9.7
915,11047_master,12.4
916,11050_expert,10.0
917,11050_master,12.6
918,11052_expert,10.3
919,11052_master,12.7
920,11058_expert,11.7
921,11058_master,13.3
922,11059_expert,11.3
923,11059_master,13.4
924,11060_expert,10.8
925,11060_master,12.7
926,11061_expert,9.2
927,11061_master,11.9
928,11067_expert,9.0
929,11067_master,12.7
930,11069_expert,9.7
931,11069_master,12.0
932,11070_expert,9.3
933,11070_master,12.0
934,11073_expert,10.3
935,11073_master,12.7
936,11078_expert,8.8
937,11078_master,12.5
938,11083_expert,9.8
939,11083_master,12.5
940,11084_expert,10.6
941,11084_master,12.9
942,11086_expert,9.2
943,11086_master,11.9
944,11087_expert,10.7
945,11087_master,12.8
946,11088_expert,9.3
947,11088_master,11.8
948,11121_expert,9.9
949,11121_master,12.9
950,11122_expert,10.4
951,11122_master,12.9
952,11123_expert,10.0
953,11123_master,12.6
954,11124_expert,9.8
955,11124_master,12.5
956,11125_expert,9.8
957,11125_master,12.9
958,11126_expert,10.0
959,11126_master,13.2
960,11127_expert,9.8
961,11127_master,12.8
962,11128_expert,10.2
963,11128_master,12.8
964,11129_expert,10.0
965,11129_master,13.2
966,11130_expert,9.8
967,11130_master,13.0
968,11131_expert,10.0
969,11131_master,12.8
970,11132_expert,9.8
971,11132_master,12.9
972,11133_expert,9.8
973,11133_master,12.4
974,11185_expert,10.2
975,11185_master,12.8
976,11186_expert,9.8
977,11186_master,13.2
978,11187_expert,8.8
979,11187_master,12.5
980,11188_expert,8.5
981,11188_master,13.4
982,11189_expert,9.9
983,11189_master,13.0
984,11190_expert,8.8
985,11190_master,11.8
986,11191_expert,8.7
987,11191_master,12.4
988,11192_expert,9.8
989,11192_master,12.9
990,11193_expert,10.5
991,11193_master,13.1
992,11194_expert,9.0
993,11194_master,12.7
994,11195_expert,10.7
995,11195_master,13.7
996,11197_expert,10.0
997,11197_master,13.2
998,11198_expert,9.0
999,11198_master,12.8
1000,11218_expert,9.0
1001,11218_master,12.8
1002,11258_expert,8.2
1003,11258_master,12.5
1004,11260_expert,8.8
1005,11260_master,12.7
1006,11261_expert,9.0
1007,11261_master,12.4
1008,11262_expert,9.2
1009,11262_master,12.8
1010,11263_expert,9.7
1011,11263_master,13.0
1012,11264_expert,8.7
1013,11264_master,12.5
1014,11265_expert,9.8
1015,11265_master,12.8
1016,11267_expert,9.8
1017,11267_master,13.2
1018,11268_expert,9.5
1019,11268_master,12.7
1020,11269_expert,9.8
1021,11269_master,12.8
1022,11270_expert,10.0
1023,11270_master,12.8
1024,11271_expert,8.8
1025,11271_master,12.2
1026,11272_expert,8.2
1027,11272_master,12.0
1028,11273_expert,9.8
1029,11273_master,12.8
1030,11274_expert,9.0
1031,11274_master,13.1
1032,11325_expert,9.8
1033,11325_master,11.8
1034,11325_remaster,12.8
1035,11327_expert,10.0
1036,11327_master,13.2
1037,11328_expert,12.5
1038,11328_master,14.2
1039,11337_expert,8.7
1040,11337_master,12.7
1041,11344_expert,10.0
1042,11344_master,12.9
1043,11345_expert,9.8
1044,11345_master,12.4
1045,11349_expert,10.2
1046,11349_master,13.1
1047,11350_expert,9.8
1048,11350_master,13.2
1049,11351_expert,10.0
1050,11351_master,13.0
1051,11353_expert,9.8
1052,11353_master,12.8
1053,11354_expert,10.2
1054,11354_master,13.4
1055,11355_expert,9.8
1056,11355_master,13.2
1057,11359_expert,10.0
1058,11359_master,13.0
1059,11360_expert,9.5
1060,11360_master,13.2
1061,11361_expert,8.8
1062,11361_master,12.8
1063,11371_expert,9.7
1064,11371_master,12.1
1065,11372_expert,9.8
1066,11372_master,12.8
1067,11410_expert,10.2
1068,11410_master,11.7
1069,11410_remaster,13.4
1070,11411_expert,9.7
1071,11411_master,13.0
1072,11412_expert,11.0
1073,11412_master,13.9
1074,11439_expert,10.0
1075,11439_master,12.9
1076,11441_expert,9.8
1077,11441_master,12.9
1078,11447_expert,10.5
1079,11447_master,13.8
1080,11448_expert,9.0
1081,11448_master,12.7
1082,11481_expert,10.8
1083,11481_master,13.1
1084,11482_expert,10.2
1085,11482_master,12.9
1086,11485_expert,9.8
1087,11485_master,11.5
1088,11485_remaster,13.3
1089,11486_expert,9.2
1090,11486_master,11.9
1091,11486_remaster,13.0
1092,11487_expert,9.0
1093,11487_master,13.0
1094,11492_expert,9.5
1095,11492_master,12.4
1096,11493_expert,10.0
1097,11493_master,12.8
1098,11494_expert,9.7
1099,11494_master,13.0
1100,11499_expert,9.8
1101,11499_master,13.2
1102,11500_expert,10.5
1103,11500_master,13.0
1104,11510_expert,9.8
1105,11510_master,12.8
1106,11511_expert,9.7
1107,11511_master,13.2
1108,11512_expert,11.6
1109,11512_master,13.7
1110,11513_expert,8.2
1111,11513_master,12.0
1112,11518_expert,10.0
1113,11518_master,13.2
1114,11519_expert,9.5
1115,11519_master,12.8
1116,11520_expert,8.5
1117,11520_master,12.7
1118,11521_expert,9.8
1119,11521_master,13.3
1120,11558_expert,8.7
1121,11558_master,11.7
1122,11558_remaster,13.3
1123,11559_expert,9.5
1124,11559_master,13.5
1125,11562_expert,8.8
1126,11562_master,11.5
1127,11562_remaster,13.5
1128,11563_expert,8.8
1129,11563_master,12.8
1130,11592_expert,8.8
1131,11592_master,12.2
1132,11593_expert,10.7
1133,11593_master,13.2
1134,11597_expert,10.0
1135,11597_master,13.1
1136,11598_expert,10.8
1137,11598_master,13.2
1138,11599_expert,9.8
1139,11599_master,12.7
1140,11600_expert,9.7
1141,11600_master,13.1
1142,11601_expert,9.5
1143,11601_master,13.2
1144,11602_expert,9.8
1145,11602_master,12.9
1146,11629_expert,10.2
1147,11629_master,12.1
1148,11629_remaster,13.9
1149,11630_expert,9.0
1150,11630_master,13.4
1151,11631_expert,10.8
1152,11631_master,13.7
1153,11637_expert,10.2
1154,11637_master,11.8
1155,11637_remaster,13.8
1156,11638_expert,11.9
1157,11638_master,13.8
1158,11645_expert,10.0
1159,11645_master,13.6
1160,11650_expert,10.8
1161,11650_master,13.1
1162,11651_expert,9.8
1163,11651_master,12.9
1164,11654_expert,9.8
1165,11654_master,13.3
1166,11655_expert,9.5
1167,11655_master,12.7
1168,11658_expert,10.0
1169,11658_master,12.8
1170,11659_expert,9.8
1171,11659_master,12.9
1172,11660_expert,10.8
1173,11660_master,12.9
1174,11665_expert,10.0
1175,11665_master,13.0
1176,11666_expert,9.7
1177,11666_master,12.8
1178,11667_expert,10.5
1179,11667_master,12.7
1180,11694_expert,9.7
1181,11694_master,12.6
1182,11695_expert,9.8
1183,11695_master,12.8
1184,11697_expert,9.8
1185,11697_master,11.8
1186,11697_remaster,13.3
1187,11698_expert,8.5
1188,11698_master,11.6
1189,11698_remaster,13.2
1190,11699_expert,10.7
1191,11699_master,13.6
1192,11700_expert,10.7
1193,11700_master,13.3
1194,11708_expert,11.5
1195,11708_master,13.4
1196,11709_expert,10.0
1197,11709_master,13.3
1198,11710_expert,10.7
1199,11710_master,13.7
1200,11711_expert,9.7
1201,11711_master,12.8
1202,11714_expert,9.7
1203,11714_master,12.8
1204,11715_expert,10.0
1205,11715_master,13.1
1206,11716_expert,11.0
1207,11716_master,13.6
1208,11727_expert,10.7
1209,11727_master,13.2
1210,11728_expert,11.0
1211,11728_master,13.1
1212,11729_expert,10.7
1213,11729_master,12.9
1214,11735_expert,9.8
1215,11735_master,12.7
1216,11761_expert,11.0
1217,11761_master,13.9
1218,11763_expert,9.8
1219,11763_master,11.8
1220,11763_remaster,13.5
1221,11767_expert,9.7
1222,11767_master,13.0
1223,11769_expert,10.5
1224,11769_master,13.8
1225,11772_expert,10.9
1226,11772_master,13.7
1227,11773_expert,9.8
1228,11773_master,13.1
1229,11780_expert,9.7
1230,11780_master,12.5
1231,11783_expert,10.7
1232,11783_master,13.7
1233,11784_expert,11.2
1234,11784_master,13.8
1235,11785_expert,10.5
1236,11785_master,13.1
1237,11793_expert,10.2
1238,11793_master,13.2
1239,11794_expert,11.0
1240,11794_master,13.4
1241,11795_expert,9.8
1242,11795_master,12.8
1243,11796_expert,11.0
1244,11796_master,13.8
1245,11797_expert,10.5
1246,11797_master,13.7
1247,11802_expert,9.5
1248,11802_master,13.0
1249,11805_expert,10.0
1250,11805_master,13.2
1251,11833_expert,9.0
1252,11833_master,13.0
1253,11834_expert,11.2
1254,11834_master,13.7
1255,11838_expert,10.5
1256,11838_master,11.9
1257,11838_remaster,13.8
1258,11839_expert,9.0
1259,11839_master,12.7
1260,11840_expert,9.8
1261,11840_master,13.3
1262,11847_expert,11.2
1263,11847_master,13.7
1264,11850_expert,9.7
1265,11850_master,13.2
1266,11851_expert,10.0
1267,11851_master,13.2
1268,11852_expert,9.5
1269,11852_master,12.5
1270,11856_expert,9.5
1271,11856_master,12.9
1272,11857_expert,9.7
1273,11857_master,12.8
1274,11858_expert,10.2
1275,11858_master,13.0
1276,11859_expert,10.5
1277,11859_master,13.8
1278,11862_expert,9.8
1279,11862_master,13.5
1280,11863_expert,10.0
1281,11863_master,13.0
1282,11864_expert,9.9
1283,11864_master,12.9
1284,11865_expert,9.9
1285,11865_master,13.3
1286,11866_expert,9.2
1287,11866_master,13.3
1288,11871_expert,9.7
1289,11871_master,12.8
1290,11872_expert,9.8
1291,11872_master,13.2
1292,11873_expert,10.7
1293,11873_master,13.0
1294,11913_expert,10.7
1295,11913_master,11.8
1296,11913_remaster,13.4
1297,11914_expert,10.8
1298,11914_master,12.0
1299,11914_remaster,13.7
1300,11951_expert,10.0
1301,11951_master,13.0
1302,121_expert,10.7
1303,121_master,12.4
1304,122_expert,11.2
1305,122_master,12.6
1306,125_expert,10.7
1307,125_master,13.4
1308,146_expert,11.2
1309,146_master,13.0
1310,146_remaster,13.4
1311,169_expert,8.1
1312,169_master,10.0
1313,184_expert,9.4
1314,184_master,12.7
1315,185_expert,9.6
1316,185_master,12.8
1317,186_expert,9.8
1318,186_master,11.2
1319,187_expert,9.8
1320,187_master,13.2
1321,188_expert,11.0
1322,188_master,13.3
1323,189_expert,10.9
1324,189_master,12.7
1325,190_expert,10.7
1326,190_master,12.7
1327,191_expert,12.7
1328,191_master,14.1
1329,192_expert,9.9
1330,192_master,12.8
1331,193_expert,11.0
1332,193_master,13.3
1333,194_expert,10.7
1334,194_master,13.3
1335,198_expert,11.7
1336,198_master,13.2
1337,198_remaster,14.1
1338,223_expert,12.5
1339,223_master,13.8
1340,256_expert,8.6
1341,256_master,12.2
1342,256_remaster,12.7
1343,258_expert,11.7
1344,258_master,13.8
1345,259_expert,9.9
1346,259_master,13.3
1347,268_expert,10.0
1348,268_master,13.8
1349,269_expert,12.6
1350,269_master,13.9
1351,280_expert,11.4
1352,280_master,13.2
1353,281_expert,10.9
1354,281_master,13.2
1355,282_expert,10.1
1356,282_master,12.6
1357,282_remaster,12.9
1358,283_expert,10.7
1359,283_master,13.7
1360,284_expert,10.1
1361,284_master,12.5
1362,285_expert,11.8
1363,285_master,13.7
1364,288_expert,10.7
1365,288_master,13.8
1366,289_expert,9.4
1367,289_master,11.9
1368,290_expert,9.7
1369,290_master,10.9
1370,291_expert,9.4
1371,291_master,12.0
1372,299_expert,10.8
1373,299_master,13.6
1374,299_remaster,14.2
1375,300_expert,11.5
1376,300_master,12.7
1377,315_expert,9.9
1378,315_master,13.2
1379,316_expert,10.7
1380,316_master,12.6
1381,322_expert,11.3
1382,322_master,12.5
1383,331_expert,9.8
1384,331_master,12.4
1385,332_expert,10.3
1386,332_master,12.5
1387,341_expert,10.1
1388,341_master,13.3
1389,353_expert,9.0
1390,353_master,12.5
1391,358_expert,10.8
1392,358_master,13.6
1393,374_expert,11.8
1394,374_master,13.4
1395,375_expert,11.2
1396,375_master,12.7
1397,380_expert,11.7
1398,380_master,13.7
1399,382_expert,10.8
1400,382_master,13.3
1401,383_expert,10.7
1402,383_master,12.5
1403,399_expert,10.1
1404,399_master,12.7
1405,400_expert,10.9
1406,400_master,13.8
1407,401_expert,9.9
1408,401_master,13.7
1409,407_expert,10.6
1410,407_master,12.7
1411,408_expert,9.7
1412,408_master,13.3
1413,409_expert,10.7
1414,409_master,12.0
1415,410_expert,11.3
1416,410_master,13.4
1417,411_expert,11.8
1418,411_master,13.9
1419,412_expert,9.9
1420,412_master,12.7
1421,417_expert,9.7
1422,417_master,13.4
1423,419_expert,10.7
1424,419_master,13.3
1425,432_expert,12.7
1426,432_master,14.0
1427,436_expert,9.8
1428,436_master,12.3
1429,440_expert,10.4
1430,440_master,13.0
1431,447_expert,10.6
1432,447_master,13.4
1433,448_expert,9.9
1434,448_master,13.6
1435,449_expert,9.7
1436,449_master,12.7
1437,44_expert,9.6
1438,44_master,12.5
1439,450_expert,8.9
1440,450_master,12.4
1441,451_expert,11.7
1442,451_master,13.8
1443,46_expert,9.3
1444,46_master,11.7
1445,477_expert,10.9
1446,477_master,13.8
1447,507_expert,10.8
1448,507_master,13.0
1449,508_expert,10.0
1450,508_master,11.8
1451,509_expert,10.7
1452,509_master,12.8
1453,510_expert,11.6
1454,510_master,13.1
1455,511_expert,10.1
1456,511_master,13.4
1457,512_expert,10.8
1458,512_master,12.7
1459,513_expert,10.4
1460,513_master,12.0
1461,513_remaster,12.7
1462,514_expert,11.1
1463,514_master,12.9
1464,515_expert,11.0
1465,515_master,13.4
1466,516_expert,9.9
1467,516_master,12.5
1468,517_expert,9.4
1469,517_master,10.8
1470,518_expert,10.1
1471,518_master,13.3
1472,519_expert,11.7
1473,519_master,13.6
1474,520_expert,10.8
1475,520_master,13.6
1476,521_expert,11.3
1477,521_master,13.5
1478,521_expert,11.3
1479,521_master,13.5
1480,522_expert,9.1
1481,522_master,13.2
1482,523_expert,10.1
1483,523_master,12.9
1484,524_expert,10.5
1485,524_master,12.8
1486,525_expert,10.9
1487,525_master,12.5
1488,525_remaster,13.4
1489,552_expert,10.9
1490,552_master,13.2
1491,553_expert,11.0
1492,553_master,13.3
1493,565_expert,11.0
1494,565_master,13.3
1495,580_expert,11.8
1496,580_master,13.8
1497,587_expert,11.7
1498,587_master,13.4
1499,598_expert,10.8
1500,598_master,13.7
1501,599_expert,9.9
1502,599_master,12.0
1503,610_expert,11.3
1504,610_master,13.8
1505,618_expert,9.9
1506,618_master,11.9
1507,620_expert,9.8
1508,620_master,11.6
1509,621_expert,12.1
1510,621_master,13.3
1511,622_expert,11.6
1512,622_master,13.4
1513,637_expert,10.8
1514,637_master,12.7
1515,63_expert,9.4
1516,63_master,11.7
1517,646_expert,11.1
1518,646_master,12.5
1519,647_expert,10.0
1520,647_master,12.8
1521,64_expert,9.7
1522,64_master,12.4
1523,655_expert,9.8
1524,655_master,12.8
1525,65_expert,9.3
1526,65_master,11.4
1527,65_remaster,12.5
1528,663_expert,10.9
1529,663_master,13.4
1530,66_expert,9.7
1531,66_master,13.0
1532,66_remaster,13.3
1533,670_expert,11.9
1534,670_master,13.6
1535,675_expert,11.7
1536,675_master,12.9
1537,676_expert,11.0
1538,676_master,12.5
1539,677_expert,10.5
1540,677_master,11.5
1541,67_expert,9.8
1542,67_master,12.4
1543,682_expert,11.9
1544,682_master,13.8
1545,683_expert,10.2
1546,683_master,13.0
1547,687_expert,10.9
1548,687_master,13.2
1549,690_expert,11.5
1550,690_master,13.3
1551,691_expert,10.8
1552,691_master,12.7
1553,692_expert,10.6
1554,692_master,13.4
1555,693_expert,10.4
1556,693_master,13.1
1557,706_expert,9.8
1558,706_master,12.9
1559,707_expert,10.0
1560,707_master,12.6
1561,708_expert,10.7
1562,708_master,12.6
1563,709_expert,12.7
1564,709_master,13.3
1565,711_expert,12.6
1566,711_master,13.8
1567,71_expert,9.7
1568,71_master,11.7
1569,71_remaster,13.3
1570,720_expert,11.7
1571,720_master,13.6
1572,725_expert,10.7
1573,725_master,13.3
1574,726_expert,11.1
1575,726_master,13.3
1576,731_expert,9.8
1577,731_master,11.4
1578,731_remaster,13.2
1579,73_expert,8.8
1580,73_master,11.7
1581,741_expert,11.5
1582,741_master,12.3
1583,741_remaster,13.7
1584,742_expert,10.5
1585,742_master,12.5
1586,747_expert,10.3
1587,747_master,11.6
1588,748_expert,10.9
1589,748_master,13.2
1590,749_expert,11.2
1591,749_master,13.1
1592,750_expert,12.4
1593,750_master,14.5
1594,761_expert,10.9
1595,761_master,12.8
1596,762_expert,11.2
1597,762_master,13.4
1598,763_expert,10.8
1599,763_master,11.9
1600,763_remaster,13.2
1601,764_expert,10.3
1602,764_master,13.3
1603,781_expert,10.7
1604,781_master,13.3
1605,782_expert,11.3
1606,782_master,12.8
1607,791_expert,10.5
1608,791_master,12.6
1609,792_expert,11.1
1610,792_master,12.0
1611,792_remaster,13.2
1612,793_expert,10.9
1613,793_master,11.8
1614,793_remaster,13.3
1615,801_expert,11.7
1616,801_master,13.4
1617,804_expert,10.9
1618,804_master,13.4
1619,805_expert,11.7
1620,805_master,13.2
1621,806_expert,11.0
1622,806_master,11.9
1623,806_remaster,12.8
1624,807_expert,10.4
1625,807_master,13.2
1626,809_expert,11.1
1627,809_master,12.0
1628,809_remaster,13.3
1629,810_expert,9.5
1630,810_master,12.5
1631,811_expert,11.4
1632,811_master,13.1
1633,829_expert,11.8
1634,829_master,13.4
1635,830_expert,11.7
1636,830_master,12.1
1637,830_remaster,13.8
1638,831_expert,10.4
1639,831_master,11.5
1640,831_remaster,13.0
1641,832_expert,10.0
1642,832_master,12.7
1643,841_expert,12.4
1644,841_master,13.7
1645,842_expert,10.3
1646,842_master,12.5
1647,843_expert,11.8
1648,843_master,13.8
1649,847_expert,11.4
1650,847_master,12.6
1651,10021_expert,8.8
1652,10021_master,11.3
1653,10021_remaster,12.8
1654,10181_expert,8.2
1655,10181_master,12.0
1656,10475_expert,9.0
1657,10475_master,12.3
1658,10500_expert,9.3
1659,10500_master,11.9
1660,10501_expert,8.5
1661,10501_master,11.8
1662,10560_expert,10.0
1663,10560_master,12.5
1664,10615_expert,9.8
1665,10615_master,12.8
1666,10668_expert,9.2
1667,10668_master,11.9
1668,10728_expert,9.2
1669,10728_master,12.8
1670,10_expert,8.1
1671,10_master,9.9
1672,11035_expert,8.8
1673,11035_master,11.9
1674,11036_expert,9.2
1675,11036_master,11.5
1676,11036_remaster,12.8
1677,11037_expert,9.4
1678,11037_master,12.0
1679,11038_expert,9.1
1680,11038_master,11.8
1681,11039_expert,10.0
1682,11039_master,11.8
1683,11041_expert,9.2
1684,11041_master,12.4
1685,11042_expert,9.2
1686,11042_master,11.5
1687,11055_expert,9.1
1688,11055_master,12.5
1689,11056_expert,10.5
1690,11056_master,12.6
1691,11057_expert,11.2
1692,11057_master,13.5
1693,11062_expert,10.2
1694,11062_master,12.6
1695,11063_expert,9.2
1696,11063_master,11.8
1697,11071_expert,9.8
1698,11071_master,12.7
1699,11072_expert,9.5
1700,11072_master,11.8
1701,11076_expert,8.7
1702,11076_master,11.9
1703,11077_expert,9.7
1704,11077_master,12.7
1705,11113_expert,8.5
1706,11113_master,12.0
1707,11113_remaster,12.8
1708,11114_expert,9.7
1709,11114_master,12.5
1710,11115_expert,8.7
1711,11115_master,12.5
1712,11116_expert,9.2
1713,11116_master,11.9
1714,11117_expert,9.8
1715,11117_master,12.5
1716,11118_expert,9.7
1717,11118_master,12.9
1718,11119_expert,9.6
1719,11119_master,11.2
1720,11120_expert,9.8
1721,11120_master,11.9
1722,11144_expert,8.8
1723,11144_master,12.4
1724,11150_expert,8.8
1725,11150_master,12.0
1726,11151_expert,8.5
1727,11151_master,12.3
1728,11178_expert,8.9
1729,11178_master,12.0
1730,11179_expert,8.8
1731,11179_master,11.8
1732,11180_expert,9.0
1733,11180_master,11.5
1734,11180_remaster,13.0
1735,11182_expert,9.5
1736,11182_master,12.0
1737,11183_expert,8.9
1738,11183_master,12.7
1739,11184_expert,8.7
1740,11184_master,12.2
1741,11184_remaster,12.8
1742,11217_expert,9.0
1743,11217_master,12.7
1744,11250_expert,9.8
1745,11250_master,11.7
1746,11250_remaster,13.0
1747,11251_expert,7.9
1748,11251_master,10.7
1749,11251_remaster,13.0
1750,11252_expert,9.7
1751,11252_master,11.7
1752,11252_remaster,13.0
1753,11253_expert,8.8
1754,11253_master,12.8
1755,11254_expert,8.7
1756,11254_master,11.0
1757,11254_remaster,12.7
1758,11255_expert,9.0
1759,11255_master,12.7
1760,11256_expert,9.7
1761,11256_master,12.5
1762,11257_expert,8.5
1763,11257_master,12.7
1764,11259_expert,10.0
1765,11259_master,12.5
1766,11321_expert,8.5
1767,11321_master,11.2
1768,11321_remaster,13.0
1769,11322_expert,9.8
1770,11322_master,11.7
1771,11322_remaster,13.2
1772,11323_expert,8.0
1773,11323_master,12.5
1774,11324_expert,8.5
1775,11324_master,12.2
1776,11336_expert,9.8
1777,11336_master,12.5
1778,11346_expert,9.8
1779,11346_master,12.9
1780,11347_expert,10.7
1781,11347_master,13.7
1782,11348_expert,11.0
1783,11348_master,13.2
1784,11352_expert,8.0
1785,11352_master,11.8
1786,11356_expert,8.2
1787,11356_master,12.5
1788,11358_expert,10.5
1789,11358_master,13.4
1790,11367_expert,8.7
1791,11367_master,12.7
1792,11369_expert,9.8
1793,11369_master,11.8
1794,11369_remaster,13.5
1795,11406_expert,8.0
1796,11406_master,12.6
1797,11407_expert,9.8
1798,11407_master,11.5
1799,11407_remaster,13.0
1800,11408_expert,11.7
1801,11408_master,13.2
1802,11409_expert,9.8
1803,11409_master,11.0
1804,11409_remaster,13.5
1805,11420_expert,10.5
1806,11420_master,13.2
1807,11421_expert,8.7
1808,11421_master,12.2
1809,11422_expert,10.5
1810,11422_master,12.8
1811,11430_expert,10.2
1812,11430_master,12.8
1813,11431_expert,9.0
1814,11431_master,12.9
1815,11432_expert,10.5
1816,11432_master,13.8
1817,11433_expert,10.8
1818,11433_master,13.4
1819,11450_expert,9.0
1820,11450_master,12.5
1821,11480_expert,8.5
1822,11480_master,12.8
1823,11483_expert,8.5
1824,11483_master,11.5
1825,11483_remaster,13.2
1826,11484_expert,9.7
1827,11484_master,13.4
1828,11497_expert,9.5
1829,11497_master,12.7
1830,11498_expert,10.7
1831,11498_master,13.6
1832,11501_expert,9.8
1833,11501_master,13.3
1834,11503_expert,10.7
1835,11503_master,13.7
1836,11506_expert,8.7
1837,11506_master,12.9
1838,11507_expert,10.0
1839,11507_master,13.3
1840,11555_expert,10.7
1841,11555_master,13.4
1842,11556_expert,10.5
1843,11556_master,13.8
1844,11557_expert,10.5
1845,11557_master,13.0
1846,11560_expert,10.0
1847,11560_master,13.2
1848,11561_expert,9.8
1849,11561_master,11.5
1850,11561_remaster,13.7
1851,11568_expert,10.8
1852,11568_master,13.5
1853,11569_expert,9.5
1854,11569_master,12.9
1855,11577_expert,8.7
1856,11577_master,12.9
1857,11590_expert,10.5
1858,11590_master,13.8
1859,11634_expert,10.0
1860,11634_master,11.8
1861,11634_remaster,13.8
1862,11635_expert,10.8
1863,11635_master,13.4
1864,11636_expert,9.7
1865,11636_master,12.6
1866,11639_expert,10.5
1867,11639_master,12.8
1868,11644_expert,10.8
1869,11644_master,12.2
1870,11652_expert,12.0
1871,11652_master,13.8
1872,11653_expert,11.2
1873,11653_master,13.5
1874,11692_expert,10.7
1875,11692_master,11.9
1876,11692_remaster,13.8
1877,11693_expert,10.0
1878,11693_master,13.0
1879,11696_expert,9.8
1880,11696_master,11.5
1881,11696_remaster,13.1
1882,11712_expert,10.7
1883,11712_master,12.7
1884,11730_expert,10.7
1885,11730_master,13.8
1886,11731_expert,10.0
1887,11731_master,13.1
1888,11734_expert,11.0
1889,11734_master,13.7
1890,11760_expert,9.8
1891,11760_master,11.7
1892,11760_remaster,13.2
1893,11764_expert,9.5
1894,11764_master,11.8
1895,11764_remaster,13.4
1896,11765_expert,9.2
1897,11765_master,13.1
1898,11766_expert,9.7
1899,11766_master,12.7
1900,11774_expert,10.0
1901,11774_master,13.0
1902,11775_expert,11.4
1903,11775_master,13.2
1904,11778_expert,10.7
1905,11778_master,12.0
1906,11778_remaster,14.0
1907,11779_expert,10.5
1908,11779_master,11.8
1909,11779_remaster,13.7
1910,11782_expert,10.7
1911,11782_master,13.4
1912,11791_expert,9.5
1913,11791_master,12.9
1914,11831_expert,10.0
1915,11831_master,12.9
1916,11832_expert,12.0
1917,11832_master,13.8
1918,11835_expert,9.8
1919,11835_master,11.6
1920,11835_remaster,13.2
1921,11836_expert,9.7
1922,11836_master,11.8
1923,11836_remaster,13.2
1924,11837_expert,9.8
1925,11837_master,12.8
1926,11843_expert,9.8
1927,11843_master,13.1
1928,11844_expert,10.5
1929,11844_master,13.8
1930,11845_expert,9.8
1931,11845_master,13.0
1932,11846_expert,9.7
1933,11846_master,13.4
1934,11867_expert,10.5
1935,11867_master,13.0
1936,11867_remaster,13.7
1937,11868_expert,9.7
1938,11868_master,13.3
1939,11869_expert,10.8
1940,11869_master,13.6
1941,11870_expert,11.0
1942,11870_master,13.8
1943,11908_expert,9.8
1944,11908_master,13.3
1945,11909_expert,10.2
1946,11909_master,13.6
1947,11910_expert,9.8
1948,11910_master,12.8
1949,11911_expert,9.7
1950,11911_master,13.0
1951,11912_expert,10.2
1952,11912_master,13.4
1953,11_expert,7.0
1954,11_master,8.7
1955,126_expert,8.0
1956,126_master,9.9
1957,127_expert,10.9
1958,127_master,10.9
1959,148_expert,8.5
1960,148_master,11.3
1961,149_expert,9.0
1962,149_master,10.3
1963,15_expert,8.5
1964,15_master,8.9
1965,161_expert,8.2
1966,161_master,9.8
1967,164_expert,9.1
1968,164_master,10.1
1969,165_expert,8.4
1970,165_master,9.9
1971,166_expert,7.7
1972,166_master,9.9
1973,167_expert,8.6
1974,167_master,10.4
1975,168_expert,9.3
1976,168_master,10.2
1977,172_expert,8.2
1978,172_master,11.1
1979,173_expert,8.6
1980,173_master,10.0
1981,174_expert,7.5
1982,174_master,10.7
1983,176_expert,9.2
1984,176_master,10.6
1985,17_expert,9.5
1986,17_master,10.7
1987,17_remaster,12.7
1988,181_expert,9.6
1989,181_master,11.7
1990,182_expert,7.3
1991,182_master,9.5
1992,18_expert,9.6
1993,18_master,11.7
1994,20_expert,7.8
1995,20_master,9.9
1996,21_expert,8.5
1997,21_master,12.0
1998,274_expert,7.9
1999,274_master,9.9
2000,277_expert,8.8
2001,277_master,11.3
2002,27_expert,9.5
2003,27_master,11.7
2004,29_expert,7.9
2005,29_master,9.3
2006,305_expert,9.6
2007,305_master,11.4
2008,321_expert,9.8
2009,321_master,12.0
2010,323_expert,9.7
2011,323_master,11.7
2012,336_expert,9.0
2013,336_master,11.1
2014,338_expert,9.3
2015,338_master,10.9
2016,340_expert,7.8
2017,340_master,10.3
2018,34_expert,7.4
2019,34_master,8.9
2020,356_expert,10.4
2021,356_master,12.5
2022,357_expert,9.3
2023,357_master,12.1
2024,368_expert,8.6
2025,368_master,10.6
2026,369_expert,8.2
2027,369_master,10.7
2028,370_expert,9.1
2029,370_master,11.8
2030,371_expert,8.8
2031,371_master,11.0
2032,372_expert,7.4
2033,372_master,10.7
2034,377_expert,9.0
2035,377_master,11.4
2036,38_expert,10.0
2037,38_master,11.7
2038,397_expert,9.0
2039,397_master,11.8
2040,398_expert,9.1
2041,398_master,10.8
2042,402_expert,7.9
2043,402_master,10.1
2044,405_expert,9.2
2045,405_master,10.7
2046,406_expert,9.1
2047,406_master,10.4
2048,40_expert,10.2
2049,40_master,12.4
2050,414_expert,10.0
2051,414_master,12.7
2052,414_remaster,12.7
2053,416_expert,8.7
2054,416_master,11.5
2055,41_expert,7.2
2056,41_master,9.5
2057,423_expert,9.7
2058,423_master,13.1
2059,42_expert,9.3
2060,42_master,12.4
2061,43_expert,8.4
2062,43_master,10.0
2063,45_expert,8.1
2064,45_master,10.2
2065,468_expert,10.1
2066,468_master,12.5
2067,469_expert,7.7
2068,469_master,9.8
2069,470_expert,7.7
2070,470_master,10.5
2071,473_expert,7.4
2072,473_master,9.9
2073,474_expert,8.5
2074,474_master,11.0
2075,475_expert,8.8
2076,475_master,11.8
2077,475_remaster,12.7
2078,476_expert,7.8
2079,476_master,10.8
2080,479_expert,8.6
2081,479_master,10.2
2082,480_expert,10.1
2083,480_master,13.2
2084,481_expert,8.2
2085,481_master,11.2
2086,484_expert,8.5
2087,484_master,10.1
2088,485_expert,9.5
2089,485_master,12.3
2090,486_expert,9.3
2091,486_master,11.7
2092,487_expert,7.6
2093,487_master,8.7
2094,491_expert,8.2
2095,491_master,10.5
2096,497_expert,10.1
2097,497_master,12.9
2098,498_expert,7.7
2099,498_master,10.2
2100,499_expert,7.5
2101,499_master,11.1
2102,49_expert,8.0
2103,49_master,9.8
2104,500_expert,9.0
2105,500_master,12.9
2106,501_expert,8.4
2107,501_master,12.1
2108,502_expert,10.2
2109,502_master,11.6
2110,503_expert,8.3
2111,503_master,10.7
2112,504_expert,7.3
2113,504_master,10.3
2114,504_remaster,11.5
2115,505_expert,9.4
2116,505_master,11.4
2117,506_expert,11.5
2118,506_master,13.3
2119,53_expert,9.1
2120,53_master,10.7
2121,544_expert,7.5
2122,544_master,10.7
2123,54_expert,7.6
2124,54_master,9.8
2125,550_expert,8.5
2126,550_master,11.2
2127,551_expert,10.4
2128,551_master,13.3
2129,55_expert,8.6
2130,55_master,9.4
2131,560_expert,10.7
2132,560_master,13.3
2133,562_expert,9.2
2134,562_master,11.2
2135,56_expert,9.7
2136,56_master,13.4
2137,579_expert,9.9
2138,579_master,12.5
2139,59_expert,8.0
2140,59_master,9.4
2141,600_expert,8.8
2142,600_master,11.7
2143,601_expert,10.1
2144,601_master,12.7
2145,604_expert,8.4
2146,604_master,10.7
2147,605_expert,8.8
2148,605_master,10.2
2149,609_expert,7.8
2150,609_master,10.9
2151,60_expert,7.8
2152,60_master,9.5
2153,615_expert,10.8
2154,615_master,13.2
2155,634_expert,9.8
2156,634_master,12.4
2157,636_expert,10.7
2158,636_master,13.3
2159,645_expert,9.2
2160,645_master,11.0
2161,653_expert,8.8
2162,653_master,11.2
2163,654_expert,10.2
2164,654_master,13.4
2165,656_expert,8.6
2166,656_master,11.4
2167,659_expert,10.9
2168,659_master,13.7
2169,668_expert,9.9
2170,668_master,12.5
2171,668_remaster,12.9
2172,669_expert,10.8
2173,669_master,12.9
2174,678_expert,11.7
2175,678_master,13.3
2176,679_expert,11.3
2177,679_master,12.6
2178,697_expert,9.8
2179,697_master,12.7
2180,698_expert,10.2
2181,698_master,12.5
2182,710_expert,10.9
2183,710_master,13.7
2184,712_expert,10.8
2185,712_master,12.7
2186,717_expert,11.8
2187,717_master,13.2
2188,718_expert,9.0
2189,718_master,11.7
2190,728_expert,9.2
2191,728_master,11.2
2192,728_remaster,13.7
2193,729_expert,9.6
2194,729_master,10.8
2195,729_remaster,11.7
2196,730_expert,8.8
2197,730_master,10.8
2198,730_remaster,12.2
2199,743_expert,10.5
2200,743_master,11.7
2201,743_remaster,13.3
2202,744_expert,9.4
2203,744_master,10.8
2204,744_remaster,12.0
2205,751_expert,11.4
2206,751_master,13.2
2207,752_expert,10.3
2208,752_master,12.5
2209,753_expert,11.1
2210,753_master,13.8
2211,754_expert,9.8
2212,754_master,12.7
2213,774_expert,9.8
2214,774_master,11.3
2215,774_remaster,12.7
2216,775_expert,10.5
2217,775_master,13.3
2218,776_expert,9.4
2219,776_master,13.8
2220,787_expert,8.9
2221,787_master,12.6
2222,788_expert,10.1
2223,788_master,10.9
2224,788_remaster,12.8
2225,789_expert,10.6
2226,789_master,12.9
2227,790_expert,10.5
2228,790_master,11.3
2229,790_remaster,12.6
2230,824_expert,9.0
2231,824_master,12.3
2232,853_expert,9.0
2233,853_master,13.0
2234,902_expert,8.0
2235,902_master,10.0
2236,903_expert,8.0
2237,903_master,10.0
2238,904_expert,7.0
2239,904_master,10.0
2240,906_expert,8.0
2241,906_master,10.0
2242,907_expert,9.0
2243,907_master,10.0
2244,10420_expert,10.8
2245,10420_master,12.6
2246,11010_expert,9.1
2247,11010_master,11.8
2248,11010_remaster,12.3
2249,11024_expert,10.2
2250,11024_master,12.0
2251,11025_expert,10.5
2252,11025_master,13.8
2253,11028_expert,13.3
2254,11028_master,13.9
2255,11029_expert,12.5
2256,11029_master,14.6
2257,11030_expert,11.2
2258,11030_master,13.4
2259,11031_expert,11.4
2260,11031_master,13.8
2261,11032_expert,11.9
2262,11032_master,13.7
2263,11080_expert,9.5
2264,11080_master,12.0
2265,11107_expert,9.9
2266,11107_master,12.7
2267,11108_expert,9.4
2268,11108_master,12.6
2269,11109_expert,10.1
2270,11109_master,12.7
2271,11110_expert,10.0
2272,11110_master,12.8
2273,11111_expert,9.0
2274,11111_master,13.2
2275,11171_expert,12.5
2276,11171_master,14.4
2277,11172_expert,10.2
2278,11172_master,13.2
2279,11173_expert,10.7
2280,11173_master,13.2
2281,11174_expert,11.8
2282,11174_master,14.2
2283,11175_expert,12.5
2284,11175_master,13.8
2285,11176_expert,12.0
2286,11176_master,14.3
2287,11177_expert,10.5
2288,11177_master,13.2
2289,11177_remaster,13.7
2290,11239_expert,9.5
2291,11239_master,12.8
2292,11240_expert,9.7
2293,11240_master,12.6
2294,11241_expert,10.2
2295,11241_master,13.2
2296,11241_remaster,13.8
2297,11242_expert,10.0
2298,11242_master,13.0
2299,11243_expert,10.8
2300,11243_master,13.8
2301,11246_expert,10.5
2302,11246_master,13.7
2303,11247_expert,9.8
2304,11247_master,12.8
2305,11248_expert,12.9
2306,11248_master,14.3
2307,11249_expert,10.0
2308,11249_master,13.4
2309,11294_expert,12.2
2310,11294_master,14.3
2311,11295_expert,12.9
2312,11295_master,14.6
2313,11312_expert,10.2
2314,11312_master,13.2
2315,11313_expert,9.7
2316,11313_master,12.7
2317,11314_expert,11.7
2318,11314_master,13.9
2319,11315_expert,12.6
2320,11315_master,14.5
2321,11316_expert,10.0
2322,11316_master,13.5
2323,11317_expert,10.5
2324,11317_master,13.5
2325,11318_expert,13.1
2326,11318_master,14.4
2327,11319_expert,12.5
2328,11319_master,13.9
2329,11396_expert,10.0
2330,11396_master,13.6
2331,11398_expert,12.5
2332,11398_master,14.1
2333,11399_expert,10.8
2334,11399_master,13.5
2335,11400_expert,12.2
2336,11400_master,13.9
2337,11401_expert,10.7
2338,11401_master,13.2
2339,11402_expert,11.7
2340,11402_master,13.4
2341,11404_expert,11.5
2342,11404_master,13.7
2343,11405_expert,12.4
2344,11405_master,14.1
2345,11443_expert,12.6
2346,11443_master,13.8
2347,11446_expert,13.0
2348,11446_master,14.5
2349,11449_expert,11.2
2350,11449_master,13.3
2351,11451_expert,11.5
2352,11451_master,13.5
2353,11471_expert,12.8
2354,11471_master,14.2
2355,11472_expert,12.8
2356,11472_master,14.1
2357,11473_expert,10.8
2358,11473_master,13.2
2359,11474_expert,10.7
2360,11474_master,13.8
2361,11475_expert,12.0
2362,11475_master,14.3
2363,11477_expert,10.0
2364,11477_master,13.3
2365,11478_expert,12.8
2366,11478_master,14.3
2367,11478_expert,12.8
2368,11478_master,14.3
2369,11479_expert,12.9
2370,11479_master,14.3
2371,11525_expert,10.7
2372,11525_master,13.8
2373,11549_expert,12.8
2374,11549_master,14.3
2375,11550_expert,12.8
2376,11550_master,14.4
2377,11551_expert,9.7
2378,11551_master,12.5
2379,11552_expert,10.7
2380,11552_master,13.3
2381,11553_expert,12.5
2382,11553_master,13.8
2383,11554_expert,13.0
2384,11554_master,14.7
2385,11604_expert,10.5
2386,11604_master,13.7
2387,11605_expert,10.7
2388,11605_master,13.3
2389,11606_expert,9.9
2390,11606_master,12.9
2391,11624_expert,12.8
2392,11624_master,14.3
2393,11625_expert,12.5
2394,11625_master,14.4
2395,11626_expert,9.8
2396,11626_master,12.8
2397,11627_expert,11.5
2398,11627_master,14.2
2399,11628_expert,12.2
2400,11628_master,14.0
2401,11661_expert,13.0
2402,11661_master,14.7
2403,11668_expert,11.0
2404,11668_master,13.7
2405,11686_expert,13.2
2406,11686_master,14.6
2407,11687_expert,12.9
2408,11687_master,14.5
2409,11688_expert,10.7
2410,11688_master,13.5
2411,11689_expert,11.2
2412,11689_master,13.7
2413,11690_expert,10.8
2414,11690_master,13.8
2415,11691_expert,12.0
2416,11691_master,14.0
2417,11733_expert,10.0
2418,11733_master,13.7
2419,11754_expert,12.7
2420,11754_master,14.0
2421,11755_expert,12.2
2422,11755_master,14.2
2423,11756_expert,11.0
2424,11756_master,13.7
2425,11757_expert,10.7
2426,11757_master,13.4
2427,11758_expert,10.9
2428,11758_master,13.7
2429,11759_expert,12.0
2430,11759_master,14.1
2431,11822_expert,11.7
2432,11822_master,13.9
2433,11823_expert,12.0
2434,11823_master,14.3
2435,11824_expert,9.7
2436,11824_master,13.7
2437,11825_expert,11.4
2438,11825_master,13.8
2439,11826_expert,10.8
2440,11826_master,13.7
2441,11827_expert,10.0
2442,11827_master,13.7
2443,11828_expert,10.8
2444,11828_master,13.8
2445,11829_expert,12.2
2446,11829_master,13.6
2447,11830_expert,12.3
2448,11830_master,13.8
2449,11899_expert,11.2
2450,11899_master,13.8
2451,11900_expert,12.8
2452,11900_master,14.2
2453,420_expert,11.0
2454,420_master,13.4
2455,455_expert,10.7
2456,455_master,12.4
2457,459_expert,10.8
2458,459_master,13.3
2459,460_expert,11.8
2460,460_master,13.9
2461,461_expert,10.1
2462,461_master,13.7
2463,490_expert,10.8
2464,490_master,13.8
2465,526_expert,11.7
2466,526_master,13.3
2467,527_expert,10.8
2468,527_master,13.4
2469,528_expert,9.9
2470,528_master,13.0
2471,546_expert,9.5
2472,546_master,12.6
2473,547_expert,9.9
2474,547_master,13.4
2475,548_expert,11.0
2476,548_master,13.8
2477,578_expert,11.7
2478,578_master,13.2
2479,603_expert,11.0
2480,603_master,12.7
2481,606_expert,13.3
2482,606_master,14.0
2483,627_expert,11.0
2484,627_master,13.4
2485,628_expert,11.7
2486,628_master,13.7
2487,648_expert,11.8
2488,648_master,13.3
2489,649_expert,12.6
2490,649_master,13.7
2491,694_expert,11.8
2492,694_master,13.4
2493,695_expert,11.4
2494,695_master,13.1
2495,696_expert,11.2
2496,696_master,13.4
2497,719_expert,12.7
2498,719_master,14.3
2499,721_expert,11.6
2500,721_master,13.2
2501,722_expert,9.3
2502,722_master,12.1
2503,723_expert,11.8
2504,723_master,13.4
2505,735_expert,10.6
2506,735_master,12.8
2507,736_expert,12.8
2508,736_master,14.3
2509,757_expert,12.9
2510,757_master,14.3
2511,768_expert,10.7
2512,768_master,12.6
2513,769_expert,11.1
2514,769_master,13.7
2515,770_expert,10.8
2516,770_master,13.3
2517,771_expert,12.7
2518,771_master,13.9
2519,779_expert,13.3
2520,779_master,14.8
2521,786_expert,12.7
2522,786_master,13.8
2523,821_expert,11.4
2524,821_master,13.6
2525,822_expert,10.9
2526,822_master,12.7
2527,823_expert,12.3
2528,823_master,13.8
2529,849_expert,13.2
2530,849_master,13.7
2531,852_expert,13.1
2532,852_master,14.6
2533,10128_expert,10.7
2534,10128_master,12.9
2535,1051_expert,12.0
2536,1051_master,14.2
2537,10593_expert,11.4
2538,10593_master,13.5
2539,10625_expert,11.9
2540,10625_master,13.8
2541,10734_expert,11.4
2542,10734_master,13.5
2543,1081_expert,11.0
2544,1081_master,13.2
2545,1085_expert,12.5
2546,1085_master,14.3
2547,11051_expert,11.2
2548,11051_master,12.9
2549,11075_expert,11.8
2550,11075_master,13.8
2551,11081_expert,11.0
2552,11081_master,12.8
2553,11085_expert,11.4
2554,11085_master,13.5
2555,110_expert,11.9
2556,110_master,13.0
2557,11140_expert,11.5
2558,11140_master,13.8
2559,11141_expert,11.0
2560,11141_master,13.8
2561,11142_expert,12.6
2562,11142_master,13.9
2563,11143_expert,10.8
2564,11143_master,13.7
2565,11145_expert,11.7
2566,11145_master,13.7
2567,11146_expert,11.7
2568,11146_master,13.8
2569,11147_expert,10.2
2570,11147_master,12.7
2571,11148_expert,11.7
2572,11148_master,13.9
2573,11149_expert,11.2
2574,11149_master,14.2
2575,111_expert,10.7
2576,111_master,12.7
2577,111_remaster,12.7
2578,11206_expert,12.2
2579,11206_master,14.5
2580,11207_expert,10.8
2581,11207_master,13.9
2582,11208_expert,11.0
2583,11208_master,13.8
2584,11209_expert,12.0
2585,11209_master,14.2
2586,11210_expert,11.2
2587,11210_master,13.8
2588,11211_expert,10.0
2589,11211_master,13.7
2590,11212_expert,10.7
2591,11212_master,13.7
2592,11213_expert,11.8
2593,11213_master,13.9
2594,11216_expert,10.7
2595,11216_master,14.4
2596,11266_expert,10.8
2597,11266_master,13.2
2598,11281_expert,12.0
2599,11281_master,14.4
2600,11282_expert,12.8
2601,11282_master,13.9
2602,11283_expert,12.5
2603,11283_master,13.9
2604,11284_expert,11.8
2605,11284_master,14.4
2606,11285_expert,11.7
2607,11285_master,13.7
2608,11286_expert,10.7
2609,11286_master,13.5
2610,11287_expert,10.7
2611,11287_master,13.9
2612,11288_expert,12.0
2613,11288_master,13.8
2614,11289_expert,11.0
2615,11289_master,13.4
2616,11290_expert,11.0
2617,11290_master,13.2
2618,11291_expert,11.5
2619,11291_master,13.7
2620,11292_expert,11.8
2621,11292_master,13.9
2622,11293_expert,12.4
2623,11293_master,13.7
2624,112_expert,11.4
2625,112_master,14.0
2626,11330_expert,12.0
2627,11330_master,14.2
2628,11331_expert,12.0
2629,11331_master,13.9
2630,11333_expert,10.7
2631,11333_master,13.2
2632,11333_remaster,13.9
2633,11334_expert,11.0
2634,11334_master,13.9
2635,11335_expert,10.0
2636,11335_master,13.1
2637,11370_expert,8.8
2638,11370_master,12.9
2639,11373_expert,9.8
2640,11373_master,13.0
2641,113_expert,13.0
2642,113_master,13.4
2643,11415_expert,12.6
2644,11415_master,13.9
2645,11418_expert,11.8
2646,11418_master,13.7
2647,11419_expert,12.0
2648,11419_master,13.9
2649,11423_expert,11.5
2650,11423_master,14.1
2651,11424_expert,11.7
2652,11424_master,13.8
2653,11425_expert,12.1
2654,11425_master,13.9
2655,11426_expert,12.7
2656,11426_master,14.4
2657,11427_expert,11.7
2658,11427_master,13.5
2659,11428_expert,10.8
2660,11428_master,13.1
2661,11429_expert,13.0
2662,11429_master,14.1
2663,11438_expert,11.5
2664,11438_master,13.9
2665,11444_expert,9.0
2666,11444_master,13.3
2667,11489_expert,12.1
2668,11489_master,14.3
2669,11490_expert,11.2
2670,11490_master,13.7
2671,11491_expert,12.2
2672,11491_master,14.0
2673,114_expert,11.7
2674,114_master,13.6
2675,11502_expert,12.8
2676,11502_master,13.9
2677,11504_expert,12.0
2678,11504_master,13.4
2679,11505_expert,11.8
2680,11505_master,13.9
2681,11508_expert,9.0
2682,11508_master,13.2
2683,11509_expert,11.8
2684,11509_master,13.9
2685,11514_expert,11.7
2686,11514_master,13.8
2687,11516_expert,12.8
2688,11516_master,14.5
2689,11517_expert,12.8
2690,11517_master,14.5
2691,11524_expert,10.7
2692,11524_master,13.7
2693,11565_expert,11.5
2694,11565_master,12.8
2695,11566_expert,11.2
2696,11566_master,13.8
2697,11567_expert,10.0
2698,11567_master,13.2
2699,11570_expert,9.0
2700,11570_master,13.0
2701,11571_expert,10.0
2702,11571_master,13.2
2703,11572_expert,10.2
2704,11572_master,12.8
2705,11573_expert,11.0
2706,11573_master,13.8
2707,11574_expert,11.2
2708,11574_master,13.0
2709,11575_expert,12.0
2710,11575_master,14.0
2711,11576_expert,12.5
2712,11576_master,14.2
2713,11578_expert,12.8
2714,11578_master,14.4
2715,11584_expert,10.7
2716,11584_master,13.6
2717,11585_expert,10.8
2718,11585_master,13.5
2719,11586_expert,10.8
2720,11586_master,13.3
2721,11587_expert,12.0
2722,11587_master,13.7
2723,11588_expert,11.7
2724,11588_master,13.8
2725,11589_expert,10.7
2726,11589_master,13.2
2727,11591_expert,12.0
2728,11591_master,14.0
2729,11594_expert,11.9
2730,11594_master,14.2
2731,11596_expert,12.6
2732,11596_master,14.0
2733,115_expert,12.0
2734,115_master,13.8
2735,115_remaster,13.8
2736,11607_expert,10.5
2737,11607_master,13.7
2738,11632_expert,9.8
2739,11632_master,12.9
2740,11633_expert,11.9
2741,11633_master,13.8
2742,11640_expert,12.0
2743,11640_master,13.4
2744,11641_expert,10.7
2745,11641_master,13.4
2746,11642_expert,11.8
2747,11642_master,13.8
2748,11643_expert,12.6
2749,11643_master,14.4
2750,11646_expert,12.8
2751,11646_master,14.6
2752,11647_expert,12.9
2753,11647_master,13.9
2754,11648_expert,12.5
2755,11648_master,13.7
2756,11657_expert,12.5
2757,11657_master,13.8
2758,11664_expert,10.7
2759,11664_master,12.9
2760,11702_expert,12.7
2761,11702_master,13.7
2762,11704_expert,9.7
2763,11704_master,13.6
2764,11705_expert,10.9
2765,11705_master,13.4
2766,11706_expert,11.0
2767,11706_master,13.9
2768,11707_expert,12.5
2769,11707_master,14.5
2770,11713_expert,13.0
2771,11713_master,14.5
2772,11721_expert,13.0
2773,11721_master,14.0
2774,11722_expert,10.8
2775,11722_master,13.4
2776,11723_expert,10.5
2777,11723_master,13.6
2778,11724_expert,10.7
2779,11724_master,13.6
2780,11725_expert,12.5
2781,11725_master,14.2
2782,11726_expert,11.2
2783,11726_master,13.6
2784,11771_expert,12.5
2785,11771_master,14.2
2786,11786_expert,10.9
2787,11786_master,13.7
2788,11787_expert,10.8
2789,11787_master,13.7
2790,11788_expert,11.2
2791,11788_master,13.9
2792,11789_expert,12.4
2793,11789_master,14.4
2794,11790_expert,11.7
2795,11790_master,14.2
2796,11792_expert,11.7
2797,11792_master,13.8
2798,11798_expert,10.5
2799,11798_master,13.2
2800,11799_expert,10.8
2801,11799_master,13.2
2802,11800_expert,11.2
2803,11800_master,13.8
2804,11803_expert,11.5
2805,11803_master,13.7
2806,11804_expert,12.0
2807,11804_master,13.8
2808,11842_expert,12.6
2809,11842_master,14.1
2810,11848_expert,11.0
2811,11848_master,14.1
2812,11849_expert,11.7
2813,11849_master,14.0
2814,11855_expert,12.5
2815,11855_master,14.2
2816,11860_expert,12.9
2817,11860_master,14.5
2818,11861_expert,11.9
2819,11861_master,14.2
2820,11874_expert,12.0
2821,11874_master,13.9
2822,11875_expert,11.2
2823,11875_master,13.8
2824,11876_expert,13.0
2825,11876_master,14.4
2826,11877_expert,11.2
2827,11877_master,13.8
2828,11878_expert,9.9
2829,11878_master,13.1
2830,11906_expert,10.7
2831,11906_master,12.2
2832,11906_remaster,14.0
2833,11907_expert,10.2
2834,11907_master,13.0
2835,11917_expert,11.8
2836,11917_master,14.1
2837,11918_expert,12.7
2838,11918_master,14.3
2839,120_expert,9.1
2840,120_master,10.7
2841,128_expert,12.1
2842,128_master,12.7
2843,147_expert,11.4
2844,147_master,12.7
2845,152_expert,11.8
2846,152_master,13.2
2847,153_expert,11.9
2848,153_master,13.2
2849,154_expert,13.2
2850,154_master,13.7
2851,157_expert,11.8
2852,157_master,12.6
2853,207_expert,10.3
2854,207_master,12.7
2855,208_expert,10.9
2856,208_master,12.0
2857,209_expert,11.3
2858,209_master,13.8
2859,212_expert,12.2
2860,212_master,12.7
2861,213_expert,9.0
2862,213_master,13.4
2863,214_expert,9.3
2864,214_master,13.2
2865,216_expert,12.7
2866,216_master,13.3
2867,217_expert,11.7
2868,217_master,12.6
2869,218_expert,11.6
2870,218_master,13.4
2871,220_expert,11.1
2872,220_master,13.0
2873,22_expert,9.7
2874,22_master,12.5
2875,22_remaster,14.8
2876,23_expert,9.2
2877,23_master,11.4
2878,23_remaster,13.7
2879,24_expert,8.9
2880,24_master,11.3
2881,24_remaster,14.0
2882,253_expert,11.3
2883,253_master,13.3
2884,254_expert,11.3
2885,254_master,13.3
2886,255_expert,10.9
2887,255_master,12.7
2888,255_remaster,13.8
2889,265_expert,10.6
2890,265_master,13.3
2891,265_remaster,13.3
2892,266_expert,10.0
2893,266_master,11.8
2894,266_remaster,12.6
2895,267_expert,11.9
2896,267_master,12.6
2897,270_expert,10.7
2898,270_master,14.0
2899,271_expert,10.7
2900,271_master,12.7
2901,278_expert,9.7
2902,278_master,13.3
2903,293_expert,10.8
2904,293_master,12.5
2905,297_expert,10.5
2906,297_master,11.9
2907,308_expert,10.8
2908,308_master,13.7
2909,324_expert,12.2
2910,324_master,14.1
2911,325_expert,11.0
2912,325_master,13.4
2913,326_expert,8.6
2914,326_master,13.7
2915,329_expert,9.8
2916,329_master,12.5
2917,330_expert,9.1
2918,330_master,13.2
2919,333_expert,8.5
2920,333_master,10.6
2921,334_expert,9.1
2922,334_master,9.8
2923,335_expert,7.8
2924,335_master,9.6
2925,337_expert,10.8
2926,337_master,13.3
2927,339_expert,12.8
2928,339_master,13.9
2929,342_expert,10.8
2930,342_master,13.4
2931,343_expert,9.5
2932,343_master,12.5
2933,344_expert,11.8
2934,344_master,13.4
2935,345_expert,11.8
2936,345_master,13.6
2937,346_expert,10.8
2938,346_master,13.7
2939,347_expert,11.8
2940,347_master,13.8
2941,376_expert,11.1
2942,376_master,13.7
2943,381_expert,12.7
2944,381_master,14.0
2945,385_expert,13.0
2946,385_master,14.5
2947,386_expert,11.2
2948,386_master,13.8
2949,387_expert,11.9
2950,387_master,14.5
2951,388_expert,13.3
2952,388_master,14.2
2953,389_expert,11.9
2954,389_master,13.9
2955,389_remaster,14.2
2956,390_expert,12.8
2957,390_master,14.1
2958,429_expert,0.0
2959,429_master,0.0
2960,429_remaster,0.0
2961,453_expert,11.9
2962,453_master,13.5
2963,454_expert,11.8
2964,454_master,13.7
2965,471_expert,10.8
2966,471_master,13.3
2967,47_expert,10.7
2968,47_master,12.8
2969,47_remaster,14.6
2970,482_expert,11.8
2971,482_master,13.7
2972,542_expert,12.8
2973,542_master,14.1
2974,543_expert,10.9
2975,543_master,12.7
2976,555_expert,11.7
2977,555_master,13.4
2978,556_expert,13.1
2979,556_master,14.0
2980,557_expert,11.8
2981,557_master,13.8
2982,558_expert,11.6
2983,558_master,13.7
2984,575_expert,9.5
2985,575_master,11.3
2986,576_expert,8.7
2987,576_master,11.7
2988,592_expert,12.2
2989,592_master,13.9
2990,593_expert,12.7
2991,593_master,14.2
2992,612_expert,12.3
2993,612_master,13.9
2994,61_expert,12.7
2995,61_master,12.5
2996,61_remaster,14.2
2997,624_expert,11.3
2998,624_master,13.4
2999,625_expert,12.8
3000,625_master,14.0
3001,62_expert,9.4
3002,62_master,10.7
3003,62_remaster,13.1
3004,650_expert,10.9
3005,650_master,12.8
3006,658_expert,13.2
3007,658_master,14.0
3008,662_expert,9.3
3009,662_master,11.4
3010,672_expert,12.6
3011,672_master,13.8
3012,688_expert,13.0
3013,688_master,14.1
3014,689_expert,13.3
3015,689_master,14.6
3016,733_expert,11.4
3017,733_master,12.9
3018,734_expert,13.0
3019,734_master,13.9
3020,738_expert,11.8
3021,738_master,13.4
3022,740_expert,11.9
3023,740_master,13.9
3024,75_expert,10.0
3025,75_master,13.4
3026,76_expert,10.0
3027,76_master,12.5
3028,772_expert,12.8
3029,772_master,14.1
3030,778_expert,9.8
3031,778_master,12.7
3032,77_expert,10.6
3033,77_master,12.7
3034,78_expert,8.7
3035,78_master,11.9
3036,796_expert,12.9
3037,796_master,14.4
3038,797_expert,12.9
3039,797_master,14.2
3040,798_expert,12.6
3041,798_master,13.9
3042,79_expert,8.9
3043,79_master,12.5
3044,800_expert,11.9
3045,800_master,13.5
3046,80_expert,9.7
3047,80_master,12.7
3048,80_remaster,12.7
3049,815_expert,11.9
3050,815_master,13.3
3051,81_expert,11.7
3052,81_master,12.4
3053,81_remaster,13.2
3054,826_expert,10.5
3055,826_master,11.2
3056,826_remaster,12.7
3057,827_expert,10.5
3058,827_master,11.3
3059,827_remaster,12.5
3060,828_expert,10.3
3061,828_master,13.5
3062,82_expert,10.9
3063,82_master,13.9
3064,836_expert,12.9
3065,836_master,13.9
3066,837_expert,12.4
3067,837_master,13.7
3068,83_expert,12.7
3069,83_master,13.4
3070,844_expert,12.8
3071,844_master,14.7
3072,848_expert,12.4
3073,848_master,14.0
3074,84_expert,10.8
3075,84_master,12.8
3076,850_expert,12.6
3077,850_master,14.2
3078,85_expert,11.1
3079,85_master,13.7
3080,85_remaster,14.0
3081,10199_expert,9.7
3082,10199_master,13.0
3083,10202_expert,9.5
3084,10202_master,13.4
3085,10204_expert,11.8
3086,10204_master,13.5
3087,10225_expert,10.0
3088,10225_master,13.4
3089,10301_expert,11.0
3090,10301_master,13.5
3091,10302_expert,10.2
3092,10302_master,13.4
3093,10303_expert,10.7
3094,10303_master,13.3
3095,10319_expert,10.4
3096,10319_master,13.5
3097,10404_expert,10.5
3098,10404_master,13.4
3099,10535_expert,9.0
3100,10535_master,12.7
3101,10536_expert,9.4
3102,10536_master,12.6
3103,10572_expert,11.2
3104,10572_master,13.5
3105,10602_expert,10.8
3106,10602_master,14.0
3107,10641_expert,11.4
3108,10641_master,13.6
3109,10665_expert,9.4
3110,10665_master,12.8
3111,10699_expert,10.2
3112,10699_master,13.7
3113,10702_expert,9.8
3114,10702_master,11.9
3115,11048_expert,10.4
3116,11048_master,13.2
3117,11049_expert,10.5
3118,11049_master,12.6
3119,11064_expert,11.1
3120,11064_master,13.8
3121,11065_expert,11.1
3122,11065_master,13.9
3123,11066_expert,10.2
3124,11066_master,12.8
3125,11134_expert,10.7
3126,11134_master,13.4
3127,11135_expert,10.2
3128,11135_master,12.8
3129,11136_expert,9.7
3130,11136_master,12.5
3131,11137_expert,9.0
3132,11137_master,12.8
3133,11138_expert,9.7
3134,11138_master,12.8
3135,11139_expert,9.5
3136,11139_master,12.8
3137,11199_expert,9.8
3138,11199_master,12.7
3139,11200_expert,9.5
3140,11200_master,13.0
3141,11201_expert,9.0
3142,11201_master,12.9
3143,11202_expert,9.7
3144,11202_master,13.4
3145,11204_expert,10.7
3146,11204_master,13.7
3147,11205_expert,9.2
3148,11205_master,13.0
3149,11219_expert,9.4
3150,11219_master,12.2
3151,11275_expert,10.0
3152,11275_master,13.4
3153,11276_expert,8.8
3154,11276_master,12.4
3155,11277_expert,9.8
3156,11277_master,12.2
3157,11278_expert,10.2
3158,11278_master,13.0
3159,11279_expert,9.8
3160,11279_master,13.1
3161,11280_expert,10.8
3162,11280_master,13.5
3163,11329_expert,9.5
3164,11329_master,13.1
3165,11340_expert,10.0
3166,11340_master,13.1
3167,11341_expert,10.0
3168,11341_master,13.2
3169,11342_expert,9.7
3170,11342_master,13.1
3171,11342_remaster,13.8
3172,11343_expert,10.7
3173,11343_master,13.9
3174,11343_remaster,14.3
3175,11362_expert,9.5
3176,11362_master,12.7
3177,11363_expert,10.8
3178,11363_master,13.5
3179,11413_expert,12.9
3180,11413_master,13.9
3181,11434_expert,10.5
3182,11434_master,12.8
3183,11435_expert,9.8
3184,11435_master,13.3
3185,11436_expert,10.0
3186,11436_master,12.5
3187,11437_expert,10.0
3188,11437_master,13.3
3189,11488_expert,9.5
3190,11488_master,13.5
3191,11495_expert,10.0
3192,11495_master,13.0
3193,11496_expert,11.2
3194,11496_master,13.9
3195,11564_expert,10.8
3196,11564_master,13.7
3197,11580_expert,9.8
3198,11580_master,12.8
3199,11583_expert,11.0
3200,11583_master,13.4
3201,11603_expert,10.0
3202,11603_master,12.5
3203,11656_expert,11.8
3204,11656_master,13.6
3205,11701_expert,10.5
3206,11701_master,13.0
3207,11717_expert,9.8
3208,11717_master,12.6
3209,11718_expert,9.8
3210,11718_master,13.3
3211,11720_expert,12.5
3212,11720_master,14.7
3213,11770_expert,11.0
3214,11770_master,13.7
3215,11776_expert,10.2
3216,11776_master,13.7
3217,11777_expert,9.7
3218,11777_master,13.2
3219,11781_expert,10.5
3220,11781_master,13.0
3221,11841_expert,10.5
3222,11841_master,13.3
3223,11853_expert,10.7
3224,11853_master,13.3
3225,11854_expert,12.6
3226,11854_master,13.9
3227,11916_expert,10.8
3228,11916_master,13.1
3229,199_expert,10.4
3230,199_master,13.3
3231,200_expert,10.6
3232,200_master,12.5
3233,200_remaster,13.3
3234,201_expert,9.5
3235,201_master,13.3
3236,202_expert,9.7
3237,202_master,13.4
3238,203_expert,11.6
3239,203_master,12.5
3240,204_expert,12.0
3241,204_master,13.3
3242,204_remaster,14.4
3243,205_expert,10.6
3244,205_master,13.2
3245,206_expert,9.9
3246,206_master,12.7
3247,224_expert,10.8
3248,224_master,14.0
3249,225_expert,10.7
3250,225_master,13.4
3251,295_expert,10.7
3252,295_master,13.3
3253,295_remaster,13.7
3254,296_expert,10.0
3255,296_master,12.5
3256,296_remaster,12.7
3257,298_expert,10.9
3258,298_master,12.8
3259,301_expert,10.7
3260,301_master,13.7
3261,301_remaster,14.0
3262,302_expert,10.9
3263,302_master,13.0
3264,303_expert,10.8
3265,303_master,13.3
3266,309_expert,9.3
3267,309_master,12.7
3268,310_expert,9.9
3269,310_master,11.8
3270,310_remaster,13.2
3271,311_expert,8.8
3272,311_master,11.0
3273,312_expert,9.7
3274,312_master,12.5
3275,312_remaster,13.2
3276,313_expert,9.8
3277,313_master,13.2
3278,314_expert,10.8
3279,314_master,13.9
3280,318_expert,10.7
3281,318_master,13.2
3282,319_expert,11.3
3283,319_master,14.1
3284,320_expert,10.9
3285,320_master,12.6
3286,352_expert,10.7
3287,352_master,12.7
3288,359_expert,10.8
3289,359_master,13.2
3290,360_expert,9.8
3291,360_master,13.4
3292,404_expert,9.7
3293,404_master,13.0
3294,413_expert,11.5
3295,413_master,13.4
3296,424_expert,11.0
3297,424_master,13.3
3298,425_expert,9.9
3299,425_master,13.3
3300,426_expert,11.0
3301,426_master,13.4
3302,427_expert,10.8
3303,427_master,13.9
3304,434_expert,9.9
3305,434_master,12.8
3306,435_expert,10.4
3307,435_master,12.5
3308,437_expert,10.4
3309,437_master,12.6
3310,438_expert,10.8
3311,438_master,13.4
3312,439_expert,11.9
3313,439_master,13.9
3314,466_expert,10.6
3315,466_master,13.3
3316,467_expert,10.9
3317,467_master,13.8
3318,483_expert,10.7
3319,483_master,12.6
3320,535_expert,9.8
3321,535_master,12.5
3322,536_expert,10.0
3323,536_master,13.2
3324,537_expert,11.0
3325,537_master,13.4
3326,538_expert,10.7
3327,538_master,13.3
3328,539_expert,11.3
3329,539_master,13.7
3330,540_expert,10.2
3331,540_master,12.5
3332,541_expert,9.7
3333,541_master,12.8
3334,572_expert,12.7
3335,572_master,13.9
3336,582_expert,11.2
3337,582_master,13.3
3338,583_expert,11.6
3339,583_master,12.7
3340,584_expert,11.2
3341,584_master,13.3
3342,585_expert,11.7
3343,585_master,13.4
3344,586_expert,10.5
3345,586_master,12.5
3346,602_expert,11.3
3347,602_master,13.4
3348,611_expert,10.6
3349,611_master,12.9
3350,639_expert,10.2
3351,639_master,12.5
3352,640_expert,10.5
3353,640_master,13.3
3354,641_expert,12.9
3355,641_master,14.2
3356,657_expert,10.6
3357,657_master,13.7
3358,665_expert,10.8
3359,665_master,13.4
3360,684_expert,12.7
3361,684_master,14.0
3362,699_expert,11.8
3363,699_master,12.8
3364,700_expert,11.7
3365,700_master,13.7
3366,701_expert,12.1
3367,701_master,13.8
3368,702_expert,10.8
3369,702_master,12.6
3370,732_expert,10.8
3371,732_master,12.8
3372,739_expert,11.3
3373,739_master,13.7
3374,756_expert,11.8
3375,756_master,12.5
3376,756_remaster,13.8
3377,758_expert,10.8
3378,758_master,12.6
3379,759_expert,11.6
3380,759_master,12.5
3381,759_remaster,13.3
3382,765_expert,10.0
3383,765_master,12.5
3384,766_expert,11.4
3385,766_master,13.9
3386,767_expert,11.0
3387,767_master,13.6
3388,794_expert,10.8
3389,794_master,13.2
3390,802_expert,9.8
3391,802_master,13.3
3392,816_expert,10.8
3393,816_master,11.7
3394,816_remaster,13.3
3395,817_expert,11.8
3396,817_master,13.4
3397,818_expert,11.5
3398,818_master,12.5
3399,818_remaster,13.4
3400,819_expert,10.7
3401,819_master,13.4
3402,838_expert,11.5
3403,838_master,12.1
3404,838_remaster,13.7
3405,839_expert,11.8
3406,839_master,13.8
3407,840_expert,12.3
3408,840_master,13.8
