chart,true_label,pred_label,path
238_master,13+,13,encoded_all\238_master.pt
117_master,13+,13,encoded_all\117_master.pt
786_master,13+,13,encoded_all\786_master.pt
11543_master,13+,13,encoded_all\11543_master.pt
11779_remaster,13+,13,encoded_all\11779_remaster.pt
548_master,13+,13,encoded_all\548_master.pt
380_master,13+,13,encoded_all\380_master.pt
11232_remaster,13+,13,encoded_all\11232_remaster.pt
345_master,13+,13,encoded_all\345_master.pt
11584_master,13+,13,encoded_all\11584_master.pt
326_master,13+,13,encoded_all\326_master.pt
11834_master,13+,13,encoded_all\11834_master.pt
